,SEASON,AGE,TEAM,LEAGUE,POS,G,GS,MP,FG,FGA,FG%,3P,3PA,3P%,2P,2PA,2P%,eFG%,FT,FTA,FT%,ORB,DRB,TRB,AST,STL,BLK,TOV,PF,PTS,NAME,SALARY
0,2020-21,31.0,GSW,NBA,SF,61.0,12.0,18.9,2.4,5.6,0.433,1.1,2.7,0.40700000000000003,1.4,3.0,0.456,0.529,0.8,1.1,0.6809999999999999,0.4,3.0,3.4,1.6,1.0,0.5,1.2,2.3,6.7,Kent Bazemore,2320044
1,2020-21,26.0,TOR,NBA,SF,45.0,11.0,17.6,2.0,3.8,0.532,0.2,0.8,0.257,1.8,3.0,0.603,0.5579999999999999,0.8,1.2,0.685,0.6,2.1,2.7,1.9,0.8,0.3,1.3,1.5,5.1,DeAndre' Bembry,1737145
2,2020-21,23.0,ATL,NBA,PF,58,58,29.6,6.8,12.3,0.5529999999999999,1.3,3.3,0.384,5.6,9.0,0.615,0.604,2.6,3.1,0.833,1.9,5.6,7.5,1.3,0.6,1.0,1.3,3.1,17.5,John Collins,4137302
3,2020-21,31.0,MIA,NBA,C,11.0,0.0,13.2,3.2,4.3,0.745,0.0,0.3,0.0,3.2,4.0,0.795,0.745,1.7,2.0,0.8640000000000001,2.1,3.8,5.9,0.6,0.6,0.5,0.8,1.8,8.1,Dewayne Dedmon,3447478
4,2020-21,31.0,MIA,NBA,C,11.0,0.0,13.2,3.2,4.3,0.745,0.0,0.3,0.0,3.2,4.0,0.795,0.745,1.7,2.0,0.8640000000000001,2.1,3.8,5.9,0.6,0.6,0.5,0.8,1.8,8.1,Dewayne Dedmon,3447478
5,2020-21,33.0,UTA,NBA,PF,15,1,9.1,1.3,3.1,.435,1.1,2.5,.459,0.2,0.6,.333,.620,0.2,0.2,1.000,0.3,1.4,1.7,0.3,0.7,0.2,0.5,1.8,4.0,Ersan İlyasova,1194542
6,2020-21,28.0,GSW,NBA,SG,57.0,1.0,18.9,2.2,4.8,0.467,1.4,3.4,0.397,0.9,1.4,0.638,0.608,0.7,0.8,0.909,0.4,2.8,3.2,1.3,0.7,0.1,0.5,1.6,6.5,Damion Lee,1762796
7,2020-21,29.0,OKC,NBA,C,35.0,0.0,18.4,3.4,7.6,0.446,1.9,5.3,0.37,1.5,2.4,0.614,0.573,0.9,1.0,0.917,0.5,3.2,3.8,0.8,0.2,0.3,0.6,1.5,9.7,Mike Muscala,2283034
8,2020-21,26.0,TOT,NBA,PF,41.0,10.0,22.1,3.2,8.0,0.401,1.5,3.8,0.4,1.7,4.2,0.401,0.495,1.6,1.9,0.855,0.5,3.0,3.5,1.9,0.7,0.6,1.1,1.8,9.5,Taurean Prince,13942308
9,2020-21,27.0,LAL,NBA,SG,59.0,59.0,32.2,5.5,12.5,0.43799999999999994,1.1,3.4,0.335,4.4,9.2,0.47600000000000003,0.483,3.4,4.0,0.8440000000000001,0.5,3.0,3.5,5.8,1.2,0.2,2.7,2.6,15.5,Dennis Schröder,15500000
10,2020-21,34.0,TOR,NBA,C,50.0,31.0,18.2,2.4,5.6,0.431,0.4,1.9,0.237,2.0,3.8,0.527,0.47,0.5,0.7,0.73,1.7,3.4,5.1,0.9,0.3,0.4,0.9,2.3,5.8,Aron Baynes,6975610
11,2020-21,24.0,BOS,NBA,SG,58,58,34.5,9.3,19.2,0.484,2.8,7.1,0.397,6.5,12.1,0.536,0.5579999999999999,3.3,4.3,0.764,1.2,4.8,6.0,3.4,1.2,0.6,2.7,2.9,24.7,Jaylen Brown,22991071
12,2020-21,30.0,CHO,NBA,SF,44.0,44.0,34.0,7.1,15.0,0.473,1.9,4.7,0.415,5.1,10.3,0.499,0.537,3.5,4.2,0.843,0.8,5.0,5.9,4.1,1.2,0.3,2.1,1.7,19.6,Gordon Hayward,28500000
13,2020-21,34.0,OKC,NBA,C,28.0,28.0,27.9,5.8,12.9,0.45,2.0,5.4,0.368,3.8,7.4,0.51,0.528,0.6,0.8,0.818,1.0,5.7,6.7,3.4,0.9,0.9,1.0,1.7,14.2,Al Horford,27500000
14,2020-21,28.0,BRK,NBA,PG,49.0,49.0,35.3,10.2,20.4,0.5,2.7,7.0,0.385,7.5,13.4,0.561,0.5660000000000001,3.9,4.2,0.922,1.1,3.9,4.9,6.3,1.4,0.6,2.5,2.6,27.0,Kyrie Irving,33329100
15,2020-21,31.0,LAC,NBA,PF,52.0,24.0,26.7,5.0,10.5,0.47200000000000003,2.6,5.4,0.473,2.4,5.1,0.47,0.593,1.2,1.5,0.818,0.6,3.6,4.2,1.1,0.6,0.3,0.9,2.2,13.7,Marcus Morris,14883721
16,2020-21,27.0,PHO,NBA,SF,24.0,0.0,14.8,2.4,4.8,0.491,0.8,1.8,0.419,1.6,3.0,0.534,0.569,1.2,1.5,0.757,0.3,2.3,2.6,0.8,0.4,0.4,0.8,1.4,6.7,Abdel Nader,1752950
17,2020-21,26.0,BOS,NBA,PF,52,13,17.3,1.6,4.0,0.402,1.1,2.9,0.38,0.5,1.1,0.45799999999999996,0.5379999999999999,0.5,0.6,0.75,0.6,2.1,2.6,0.7,0.3,0.0,0.4,1.0,4.8,Semi Ojeleye,1752950
18,2020-21,26.0,CHO,NBA,SG,62.0,62.0,34.1,7.4,16.3,0.45299999999999996,3.3,8.3,0.39399999999999996,4.1,8.0,0.515,0.5539999999999999,2.3,2.8,0.825,0.6,3.6,4.2,4.1,1.2,0.4,1.8,1.7,20.3,Terry Rozier,18900000
19,2020-21,26.0,BOS,NBA,PG,45,42,33.0,4.2,10.6,0.397,2.0,6.0,0.336,2.2,4.7,0.474,0.491,2.8,3.5,0.799,0.8,2.7,3.4,5.8,1.5,0.5,1.9,2.6,13.3,Marcus Smart,13446428
20,2020-21,22.0,BOS,NBA,SF,59,59,35.8,9.5,20.7,0.45899999999999996,3.0,7.6,0.391,6.5,13.1,0.499,0.531,4.6,5.3,0.8740000000000001,0.8,6.6,7.4,4.4,1.2,0.4,2.7,1.9,26.5,Jayson Tatum,9897120
21,2020-21,28.0,TOT,NBA,C,62.0,48.0,24.6,3.9,7.2,0.542,0.7,2.3,0.31,3.2,4.8,0.653,0.5920000000000001,1.1,1.7,0.6629999999999999,1.4,4.0,5.4,1.7,0.6,0.9,1.0,2.5,9.6,Daniel Theis,5000000
22,2020-21,22.0,TOT,NBA,C,57.0,39.0,29.4,4.9,7.7,0.636,0.1,0.3,0.33299999999999996,4.8,7.4,0.647,0.642,3.3,4.6,0.7090000000000001,3.1,6.9,10.0,1.7,0.5,1.5,1.6,1.6,13.1,Jarrett Allen,3909902
23,2020-21,29.0,BRK,NBA,SF,66.0,62.0,30.9,5.2,10.2,0.509,3.1,6.5,0.48,2.1,3.8,0.5579999999999999,0.6609999999999999,0.7,0.9,0.77,0.6,2.9,3.5,1.9,0.7,0.2,0.9,2.0,14.2,Joe Harris,16071429
24,2020-21,26.0,POR,NBA,PF,9.0,1.0,10.2,0.9,1.9,0.47100000000000003,0.0,0.1,0.0,0.9,1.8,0.5,0.47100000000000003,1.0,1.6,0.643,1.1,1.3,2.4,1.2,0.2,0.4,0.2,1.6,2.8,Rondae Hollis-Jefferson,245031
25,2020-21,26.0,TOT,NBA,SG,41.0,33.0,30.9,7.4,16.9,0.43799999999999994,1.8,5.4,0.324,5.7,11.5,0.49200000000000005,0.49,2.9,3.6,0.7909999999999999,0.7,3.7,4.4,4.7,1.3,0.6,2.0,2.2,19.4,Caris LeVert,16203704
26,2020-21,25.0,DET,NBA,C,21.0,0.0,11.9,2.1,3.3,0.638,0.1,0.3,0.33299999999999996,2.0,3.0,0.667,0.652,0.5,0.7,0.7140000000000001,0.7,1.4,2.1,0.6,0.2,0.2,0.6,1.2,4.8,Jahlil Okafor,1882867
27,2020-21,26.0,CHI,NBA,PG,40,0,10.4,1.0,2.6,0.39,0.5,1.5,0.322,0.6,1.2,0.478,0.48100000000000004,0.3,0.5,0.65,0.1,1.4,1.5,1.2,0.2,0.0,0.2,1.1,2.9,Ryan Arcidiacono,3000000
28,2020-21,28.0,CHI,NBA,C,14,0,4.2,0.3,0.5,0.5710000000000001,0.0,0.1,0.0,0.3,0.4,0.667,0.5710000000000001,0.4,0.7,0.6,0.4,0.6,1.0,0.6,0.1,0.0,0.3,0.5,1.0,Cristiano Felício,7529020
29,2020-21,31.0,IND,NBA,SG,65.0,48.0,30.3,3.5,8.7,0.405,2.4,6.3,0.375,1.2,2.4,0.484,0.541,0.9,1.1,0.784,0.4,3.1,3.5,1.6,1.1,0.5,0.8,1.8,10.3,Justin Holiday,5720400
30,2020-21,25.0,CHI,NBA,SG,53.0,53.0,35.2,9.8,19.4,0.506,3.4,8.2,0.41600000000000004,6.4,11.2,0.5720000000000001,0.594,4.4,5.2,0.848,0.6,4.5,5.1,5.1,0.8,0.5,3.6,2.3,27.5,Zach LaVine,19500000
31,2020-21,32.0,WAS,NBA,C,65.0,9.0,19.1,3.6,5.7,0.636,0.1,0.3,0.278,3.5,5.4,0.654,0.643,1.3,1.9,0.7070000000000001,1.9,1.9,3.8,0.8,0.2,0.6,1.0,1.6,8.6,Robin Lopez,7300000
32,2020-21,23.0,CHI,NBA,PF,44,25,26.4,5.0,10.7,0.47200000000000003,2.3,6.0,0.385,2.8,4.7,0.5820000000000001,0.58,1.5,1.8,0.84,0.8,4.6,5.4,0.9,0.5,0.3,1.0,1.5,13.9,Lauri Markkanen,6731508
33,2020-21,28.0,HOU,NBA,SF,30.0,9.0,22.6,3.5,7.3,0.486,0.6,2.1,0.27,3.0,5.2,0.574,0.525,1.6,2.3,0.691,1.3,2.6,3.9,1.0,1.0,0.7,0.6,2.0,9.2,David Nwaba,1862250
34,2020-21,26.0,PHO,NBA,PG,54.0,0.0,17.5,2.9,6.2,0.462,1.1,2.6,0.40399999999999997,1.8,3.6,0.505,0.5479999999999999,0.8,0.9,0.875,0.3,2.1,2.4,3.5,0.6,0.3,1.0,1.7,7.5,Cameron Payne,1977011
35,2020-21,25.0,MIL,NBA,C,61.0,7.0,21.0,4.7,9.0,0.524,1.1,2.4,0.469,3.6,6.6,0.544,0.5870000000000001,0.8,1.0,0.742,1.8,5.3,7.1,1.1,0.8,0.4,0.9,1.8,11.3,Bobby Portis,3623000
36,2020-21,27.0,CHI,NBA,SG,58,3,17.2,2.6,6.8,0.37799999999999995,1.3,4.0,0.32899999999999996,1.3,2.8,0.44799999999999995,0.475,0.3,0.3,0.941,0.4,2.9,3.3,1.7,0.5,0.1,0.7,1.2,6.8,Denzel Valentine,4642800
37,2020-21,25.0,ORL,NBA,SG,66.0,44.0,25.8,4.1,10.0,0.40700000000000003,0.8,2.9,0.295,3.2,7.1,0.452,0.449,1.9,2.3,0.8390000000000001,0.4,2.6,3.0,1.2,0.6,0.1,0.7,1.4,10.9,Dwayne Bacon,1678854
38,2020-21,32.0,LAC,NBA,SF,62.0,38.0,27.8,2.8,6.2,0.457,1.7,4.1,0.406,1.2,2.1,0.557,0.591,0.7,0.9,0.852,0.8,4.0,4.7,2.2,1.0,0.5,0.8,1.6,8.1,Nicolas Batum,11608231
39,2020-21,32.0,LAC,NBA,SF,62.0,38.0,27.8,2.8,6.2,0.457,1.7,4.1,0.406,1.2,2.1,0.557,0.591,0.7,0.9,0.852,0.8,4.0,4.7,2.2,1.0,0.5,0.8,1.6,8.1,Nicolas Batum,11608231
40,2020-21,29.0,ORL,NBA,SG,31.0,25.0,25.8,3.4,8.7,0.389,0.5,2.0,0.24600000000000002,2.9,6.7,0.431,0.41700000000000004,1.6,2.6,0.613,1.3,3.2,4.5,4.2,0.8,0.5,2.2,2.6,8.8,Michael Carter-Williams,3000000
41,2020-21,26.0,NOP,NBA,C,41.0,6.0,17.0,2.9,5.1,0.569,0.0,0.2,0.1,2.9,4.9,0.5920000000000001,0.5710000000000001,1.2,1.7,0.6859999999999999,2.3,4.2,6.6,0.9,0.4,0.5,0.6,1.3,7.0,Willy Hernangómez,1727145
42,2020-21,35.0,PHI,NBA,C,64.0,5.0,17.3,2.6,4.4,0.589,0.1,0.3,0.222,2.5,4.1,0.615,0.596,1.8,3.0,0.5770000000000001,2.8,5.6,8.4,0.8,0.4,0.9,1.6,2.9,7.0,Dwight Howard,2564753
43,2020-21,27.0,PHO,NBA,C,41.0,13.0,14.5,2.5,5.2,0.486,0.7,1.9,0.39,1.8,3.3,0.54,0.556,0.7,1.2,0.58,0.7,3.0,3.7,1.5,0.3,0.4,0.4,1.3,6.5,Frank Kaminsky,1882867
44,2020-21,28.0,IND,NBA,SG,36.0,8.0,21.3,3.3,7.7,0.435,1.4,3.6,0.406,1.9,4.1,0.45899999999999996,0.529,2.0,2.1,0.9470000000000001,0.7,2.9,3.6,1.5,0.9,0.6,0.6,2.0,10.1,Jeremy Lamb,10500000
45,2020-21,22.0,CHO,NBA,SG,35,0,21.8,4.5,9.9,0.45,2.1,5.1,0.419,2.3,4.8,0.48200000000000004,0.5579999999999999,1.6,1.9,0.8240000000000001,0.4,2.2,2.6,2.0,0.5,0.1,1.4,1.3,12.7,Malik Monk,5345687
46,2020-21,30.0,BOS,NBA,PG,40.0,40.0,31.4,6.4,15.4,0.415,2.9,8.1,0.35700000000000004,3.5,7.3,0.479,0.509,2.9,3.2,0.9129999999999999,0.4,3.6,3.9,5.0,1.1,0.3,2.0,1.4,18.6,Kemba Walker,34379100
47,2020-21,28.0,CHO,NBA,C,41,20,20.4,3.6,6.6,0.546,0.1,0.7,0.14800000000000002,3.5,6.0,0.59,0.5539999999999999,1.7,2.4,0.711,2.5,4.2,6.8,1.8,0.6,0.4,1.0,2.4,9.0,Cody Zeller,15415730
48,2020-21,28.0,UTA,NBA,SG,62.0,1.0,26.3,6.4,15.3,0.419,2.9,8.6,0.342,3.5,6.7,0.518,0.515,1.8,1.9,0.917,0.7,3.3,4.0,2.4,0.9,0.1,1.7,1.5,17.5,Jordan Clarkson,11500000
49,2020-21,30.0,PHO,NBA,PF,55.0,39.0,27.4,3.3,8.1,0.401,2.4,6.2,0.381,0.9,1.9,0.467,0.547,0.9,1.2,0.7609999999999999,0.5,4.3,4.8,2.1,0.8,0.4,0.9,2.0,9.8,Jae Crowder,9258000
50,2020-21,34.0,BRK,NBA,C,62,38,27.5,3.7,7.8,.478,1.4,3.6,.390,2.3,4.2,.554,.569,1.9,2.4,.772,0.5,3.5,4.0,1.7,0.6,0.4,0.8,1.8,10.7,Jeff Green,2564753
51,2020-21,34.0,TOT,NBA,PG,24.0,16.0,23.1,3.3,6.8,0.485,1.0,2.8,0.373,2.3,4.0,0.563,0.561,1.3,1.7,0.78,0.6,1.6,2.3,2.6,0.8,0.2,1.0,0.9,9.0,George Hill,9590602
52,2020-21,28.0,TOT,NBA,SF,53.0,5.0,17.3,1.7,4.8,0.361,0.6,2.1,0.306,1.1,2.7,0.40299999999999997,0.42700000000000005,0.4,0.5,0.852,0.4,1.4,1.8,1.0,0.4,0.1,0.7,1.4,4.5,Rodney Hood,10047450
53,2020-21,36.0,LAL,NBA,PG,43.0,43.0,33.7,9.3,18.1,0.513,2.3,6.4,0.366,7.0,11.7,0.594,0.578,4.1,5.8,0.701,0.6,7.3,7.9,7.8,1.0,0.6,3.8,1.6,25.0,LeBron James,39219565
54,2020-21,32.0,CLE,NBA,PF,23.0,23.0,24.4,4.0,9.9,0.401,2.2,6.2,0.35,1.8,3.7,0.488,0.511,1.5,1.9,0.8140000000000001,0.7,6.3,7.0,2.5,0.6,0.1,1.5,1.0,11.6,Kevin Love,31300000
55,2020-21,32.0,TOT,NBA,PG,45,3,25.1,5.6,12.0,.463,1.0,2.6,.385,4.6,9.4,.485,.505,2.2,2.6,.852,0.4,2.0,2.4,4.1,1.0,0.4,1.5,1.2,14.3,Derrick Rose,7682927
56,2020-21,29.0,BOS,NBA,PF,50.0,40.0,23.4,3.2,6.1,0.518,0.0,0.1,0.0,3.2,6.1,0.523,0.518,1.4,2.3,0.605,3.2,5.0,8.1,1.3,0.4,0.6,1.1,2.2,7.7,Tristan Thompson,9258000
57,2020-21,28.0,SAC,NBA,PF,58.0,58.0,36.2,5.5,11.1,0.49700000000000005,1.7,4.4,0.391,3.8,6.7,0.5670000000000001,0.575,3.4,4.1,0.83,1.1,5.5,6.6,3.5,0.7,0.2,1.6,1.3,16.1,Harrison Barnes,22215909
58,2020-21,27.0,DAL,NBA,PF,53,53,32.5,3.6,7.8,0.46799999999999997,2.0,5.1,0.39799999999999996,1.6,2.7,0.601,0.598,0.5,0.7,0.8,1.7,3.8,5.6,1.7,0.9,0.4,0.8,2.3,9.8,Dorian Finney-Smith,4000000
59,2020-21,34.0,LAL,NBA,SG,51.0,7.0,19.3,1.5,4.2,0.344,1.1,3.3,0.32899999999999996,0.4,0.9,0.4,0.474,0.6,0.7,0.857,0.3,1.2,1.5,0.9,0.6,0.3,0.5,1.4,4.6,Wesley Matthews,3623000
60,2020-21,29.0,IND,NBA,PF,59.0,22.0,24.3,5.2,9.8,0.532,1.6,4.2,0.386,3.6,5.6,0.642,0.615,1.3,1.5,0.8220000000000001,1.0,2.5,3.5,1.3,0.3,0.1,0.8,1.7,13.3,Doug McDermott,7333333
61,2020-21,26.0,NYK,NBA,C,58,35,23.8,2.2,3.5,.610,0.0,0.1,.000,2.2,3.5,.619,.610,0.8,1.1,.698,2.3,4.1,6.4,0.8,1.1,2.2,1.1,2.7,5.1,Nerlens Noel,5000000
62,2020-21,29.0,DAL,NBA,C,51.0,16.0,15.6,1.9,3.3,0.59,0.1,0.4,0.23800000000000002,1.8,2.8,0.6409999999999999,0.605,1.6,2.1,0.7659999999999999,1.3,2.4,3.7,0.8,0.6,0.4,0.6,2.2,5.5,Dwight Powell,10185185
63,2020-21,30.0,DEN,NBA,SF,56.0,52.0,31.0,4.6,10.9,0.426,1.8,4.6,0.381,2.9,6.3,0.45899999999999996,0.507,1.7,2.2,0.785,0.7,3.3,4.0,3.2,0.9,0.4,1.7,1.7,12.7,Will Barton,13920000
64,2020-21,24.0,MIN,NBA,SG,37.0,36.0,32.8,7.1,16.2,0.44,3.5,8.7,0.39899999999999997,3.7,7.5,0.48700000000000004,0.547,1.8,2.2,0.85,0.8,3.6,4.4,2.4,0.8,0.2,1.6,1.7,19.6,Malik Beasley,13325895
65,2020-21,30.0,TOT,NBA,SF,44.0,6.0,15.4,2.0,4.3,0.48100000000000004,0.7,2.0,0.37200000000000005,1.3,2.3,0.574,0.5670000000000001,0.3,0.4,0.722,1.1,2.7,3.8,0.9,0.5,0.5,0.5,1.6,5.1,Torrey Craig,1678854
66,2020-21,26.0,TOT,NBA,SG,33.0,32.0,28.7,3.5,8.9,0.39899999999999997,1.2,3.6,0.33899999999999997,2.3,5.3,0.44,0.46799999999999997,1.8,2.2,0.8109999999999999,0.5,1.7,2.2,2.1,0.8,0.3,0.9,2.0,10.1,Gary Harris,19160714
67,2020-21,25.0,MIN,NBA,PF,47.0,6.0,17.4,2.6,5.8,0.449,1.1,3.2,0.342,1.5,2.6,0.5820000000000001,0.544,1.2,1.9,0.644,0.9,3.1,4.0,0.6,0.4,0.1,0.4,0.9,7.6,Juan Hernangómez,6493000
68,2020-21,25.0,DEN,NBA,C,66,66,35.0,10.2,18.1,0.565,1.4,3.4,0.405,8.9,14.8,0.602,0.603,4.6,5.3,0.858,2.8,8.1,10.9,8.4,1.4,0.7,3.1,2.7,26.4,Nikola Jokić,28542009
69,2020-21,25.0,SAS,NBA,PF,23.0,9.0,15.6,1.9,3.9,0.478,0.6,1.7,0.35,1.3,2.2,0.58,0.556,0.7,1.0,0.652,0.4,3.3,3.7,0.6,0.3,0.0,0.3,0.6,5.0,Trey Lyles,5500000
70,2020-21,35.0,DEN,NBA,PF,52.0,35.0,20.9,3.4,7.1,0.47600000000000003,0.9,2.5,0.341,2.5,4.6,0.55,0.536,1.2,1.7,0.716,1.4,3.4,4.8,1.7,0.8,0.7,0.8,2.0,8.8,Paul Millsap,10000000
71,2020-21,25.0,DEN,NBA,PG,44,13,26.2,4.0,8.3,0.47700000000000004,1.1,3.0,0.377,2.8,5.3,0.532,0.544,1.3,1.6,0.789,0.3,1.9,2.2,3.2,0.7,0.3,0.7,1.0,10.3,Monte Morris,1663861
72,2020-21,23.0,DEN,NBA,PG,48,48,35.5,7.9,16.5,0.47700000000000004,2.7,6.6,0.408,5.2,9.9,0.523,0.5589999999999999,2.8,3.2,0.8690000000000001,0.8,3.3,4.0,4.8,1.3,0.3,2.3,2.0,21.2,Jamal Murray,29250000
73,2020-21,30.0,DET,NBA,C,55.0,55.0,26.8,4.1,6.8,0.613,0.0,0.1,0.0,4.1,6.6,0.625,0.613,2.1,3.1,0.669,2.6,6.7,9.3,3.6,0.8,0.9,1.9,3.3,10.3,Mason Plumlee,8000000
74,2020-21,30.0,TOT,NBA,SG,27.0,6.0,22.3,2.4,6.3,0.374,1.2,3.7,0.327,1.1,2.6,0.44299999999999995,0.47100000000000003,0.4,0.6,0.8,0.3,1.8,2.1,1.7,0.8,0.1,1.0,2.0,6.4,Avery Bradley,5635000
75,2020-21,29.0,NYK,NBA,SF,59.0,58.0,28.9,3.7,8.4,0.445,2.4,5.9,0.413,1.3,2.5,0.524,0.591,0.7,0.8,0.8959999999999999,0.2,3.1,3.4,1.5,0.8,0.2,0.7,2.2,10.6,Reggie Bullock,4200000
76,2020-21,27.0,TOT,NBA,C,39.0,39.0,27.5,6.4,13.1,0.488,0.0,0.2,0.0,6.4,12.9,0.496,0.488,2.8,4.5,0.61,3.6,8.5,12.1,2.2,1.5,1.1,2.9,3.2,15.6,Andre Drummond,29546311
77,2020-21,27.0,TOT,NBA,C,39.0,39.0,27.5,6.4,13.1,0.488,0.0,0.2,0.0,6.4,12.9,0.496,0.488,2.8,4.5,0.61,3.6,8.5,12.1,2.2,1.5,1.1,2.9,3.2,15.6,Andre Drummond,29546311
78,2020-21,30.0,ORL,NBA,SF,41.0,37.0,24.0,2.8,5.9,0.473,1.1,2.5,0.433,1.7,3.4,0.504,0.5660000000000001,1.7,2.1,0.805,1.0,3.0,4.0,1.5,0.8,0.2,0.9,2.0,8.4,James Ennis,3300000
79,2020-21,29.0,PHO,NBA,SG,37.0,0.0,10.6,1.6,3.4,0.46799999999999997,0.9,2.0,0.452,0.7,1.4,0.491,0.599,0.5,0.5,0.95,0.1,0.9,1.1,0.6,0.2,0.0,0.4,0.6,4.6,Langston Galloway,2028594
80,2020-21,31.0,TOT,NBA,PF,40,24,26.2,3.7,9.0,.410,1.5,4.6,.332,2.2,4.4,.492,.494,2.0,2.7,.743,0.7,4.4,5.0,3.1,0.7,0.4,1.5,2.5,11.0,Blake Griffin,33685241
81,2020-21,31.0,TOT,NBA,PF,40,24,26.2,3.7,9.0,.410,1.5,4.6,.332,2.2,4.4,.492,.494,2.0,2.7,.743,0.7,4.4,5.0,3.1,0.7,0.4,1.5,2.5,11.0,Blake Griffin,33685241
82,2020-21,28.0,PHI,NBA,PF,57.0,57.0,32.6,7.7,14.8,0.52,1.3,3.3,0.402,6.3,11.4,0.5539999999999999,0.565,2.9,3.3,0.894,1.0,5.9,6.9,3.6,0.9,0.8,1.8,2.0,19.6,Tobias Harris,33517241
83,2020-21,30.0,LAC,NBA,SG,62.0,40.0,23.1,3.9,8.8,0.44799999999999995,1.8,4.0,0.43799999999999994,2.2,4.7,0.456,0.5489999999999999,1.0,1.3,0.81,0.4,2.5,2.9,3.2,0.6,0.1,1.1,2.0,10.7,Reggie Jackson,2331593
84,2020-21,24.0,TOR,NBA,PF,55.0,8.0,14.9,1.1,3.0,0.377,0.6,1.8,0.327,0.5,1.2,0.455,0.47600000000000003,0.5,0.5,0.833,0.4,1.8,2.3,1.2,0.8,0.3,0.8,1.8,3.3,Stanley Johnson,3801000
85,2020-21,24.0,LAC,NBA,SG,58.0,15.0,19.6,3.1,6.4,0.479,1.6,3.5,0.46,1.5,3.0,0.5,0.603,0.4,0.5,0.828,0.2,2.4,2.7,1.7,0.3,0.2,0.8,1.5,8.2,Luke Kennard,5273826
86,2020-21,32.0,DAL,NBA,C,28.0,3.0,9.0,2.0,4.0,0.504,0.0,0.2,0.0,2.0,3.8,0.5329999999999999,0.504,1.0,1.2,0.8240000000000001,1.6,2.8,4.4,0.3,0.1,0.2,0.4,1.0,5.1,Boban Marjanović,3500000
87,2020-21,32.0,WAS,NBA,PG,38.0,1.0,20.5,2.7,6.4,0.424,0.4,1.1,0.375,2.3,5.3,0.433,0.455,0.5,0.8,0.581,0.5,2.7,3.2,3.9,0.7,0.3,0.9,1.4,6.3,Ish Smith,6146341
88,2020-21,35.0,PHI,NBA,PF,7.0,0.0,9.6,0.1,1.4,0.1,0.1,1.0,0.14300000000000002,0.0,0.4,0.0,0.15,0.7,0.9,0.833,0.4,0.7,1.1,0.3,0.4,0.3,0.4,0.9,1.1,Anthony Tolliver,893310
89,2020-21,28.0,TOR,NBA,C,59.0,13.0,24.0,4.8,9.2,0.519,1.5,3.8,0.389,3.3,5.4,0.611,0.6,2.5,3.2,0.787,2.0,4.8,6.7,1.1,0.6,1.9,0.8,2.8,13.6,Chris Boucher,6490385
90,2020-21,27.0,TOT,NBA,PG,23.0,0.0,6.8,1.3,3.0,0.426,0.5,1.1,0.423,0.8,1.8,0.429,0.507,0.3,0.3,0.875,0.1,0.7,0.7,0.8,0.2,0.0,0.3,0.4,3.3,Quinn Cook,1797183
91,2020-21,27.0,TOT,NBA,PG,23.0,0.0,6.8,1.3,3.0,0.426,0.5,1.1,0.423,0.8,1.8,0.429,0.507,0.3,0.3,0.875,0.1,0.7,0.7,0.8,0.2,0.0,0.3,0.4,3.3,Quinn Cook,1797183
92,2020-21,32.0,GSW,NBA,PG,58,58,34.1,10.3,21.3,0.485,5.3,12.4,0.426,5.0,8.9,0.568,0.609,5.6,6.1,0.915,0.5,5.1,5.6,5.7,1.2,0.1,3.4,1.9,31.5,Stephen Curry,43006362
93,2020-21,32.0,BRK,NBA,PF,29,26,33.1,9.8,17.9,.546,2.7,5.7,.479,7.0,12.2,.578,.623,6.0,6.9,.875,0.4,6.5,6.9,5.2,0.7,1.2,3.6,2.1,28.3,Kevin Durant,39058950
94,2020-21,30.0,GSW,NBA,PF,58,58,31.2,2.6,5.9,0.43700000000000006,0.5,2.0,0.252,2.1,3.9,0.531,0.48,1.0,1.3,0.773,0.9,6.2,7.1,8.7,1.7,0.8,3.0,3.2,6.7,Draymond Green,22246956
95,2020-21,37.0,MIA,NBA,SF,58.0,5.0,21.4,1.5,4.1,0.377,1.0,3.0,0.335,0.5,1.0,0.5,0.502,0.4,0.6,0.667,0.6,3.0,3.6,2.2,1.0,0.6,1.0,1.4,4.5,Andre Iguodala,15000000
96,2020-21,25.0,TOT,NBA,C,33.0,8.0,11.9,1.3,1.9,0.6940000000000001,0.0,0.1,0.0,1.3,1.8,0.7170000000000001,0.6940000000000001,1.0,1.3,0.762,0.8,1.7,2.4,0.5,0.3,0.5,0.5,1.8,3.6,Damian Jones,1023250
97,2020-21,25.0,TOT,NBA,C,33.0,8.0,11.9,1.3,1.9,0.6940000000000001,0.0,0.1,0.0,1.3,1.8,0.7170000000000001,0.6940000000000001,1.0,1.3,0.762,0.8,1.7,2.4,0.5,0.3,0.5,0.5,1.8,3.6,Damian Jones,1023250
98,2020-21,24.0,GSW,NBA,C,55,28,18.2,1.8,3.2,0.557,0.1,0.3,0.235,1.7,2.9,0.591,0.568,0.5,0.7,0.6579999999999999,1.8,2.9,4.7,1.9,0.4,0.4,0.6,2.2,4.1,Kevon Looney,4821429
99,2020-21,33.0,TOT,NBA,C,41.0,1.0,14.6,3.1,6.1,0.518,0.1,0.5,0.22699999999999998,3.0,5.5,0.546,0.528,1.0,1.6,0.662,1.6,3.4,5.0,0.9,0.4,1.2,1.4,2.6,7.5,JaVale McGee,4200000
100,2020-21,35.0,MIA,NBA,SF,25.0,22.0,27.2,3.2,7.7,0.42,1.7,4.7,0.359,1.6,3.0,0.513,0.528,1.1,1.5,0.737,0.8,3.8,4.6,1.8,0.9,0.6,0.8,1.8,9.3,Trevor Ariza,12800000
101,2020-21,32.0,HOU,NBA,SG,27.0,13.0,29.2,5.9,13.6,0.433,2.6,7.8,0.32899999999999996,3.3,5.8,0.573,0.527,3.5,4.2,0.825,0.3,1.9,2.1,2.6,0.5,0.5,1.9,1.6,17.8,Eric Gordon,16869276
102,2020-21,31.0,TOT,NBA,"PG,SG",42.0,42.0,37.1,8.0,17.2,0.46299999999999997,2.8,7.8,0.358,5.2,9.4,0.5489999999999999,0.544,6.5,7.5,0.87,0.8,7.2,8.0,10.9,1.2,0.7,4.1,2.3,25.2,James Harden,40824000
103,2020-21,35.0,PHO,NBA,PG,65.0,65.0,31.5,6.2,12.5,0.491,1.4,3.7,0.38799999999999996,4.7,8.8,0.535,0.5489999999999999,2.4,2.6,0.935,0.4,4.1,4.5,8.8,1.4,0.3,2.2,2.3,16.2,Chris Paul,41358814
104,2020-21,35.0,TOT,NBA,PF,47,33,26.7,1.3,3.5,.382,0.8,2.3,.345,0.5,1.2,.455,.497,0.4,0.5,.750,1.0,3.1,4.1,1.1,0.8,0.4,0.8,2.6,3.9,P.J. Tucker,7969537
105,2020-21,31.0,UTA,NBA,SF,66,66,30.6,5.4,12.4,.434,2.5,6.4,.386,2.9,6.0,.485,.534,3.1,3.5,.875,0.5,3.3,3.8,1.9,0.6,0.1,1.7,1.6,16.3,Bojan Bogdanović,17850000
106,2020-21,29.0,TOT,NBA,PG,60.0,10.0,22.7,3.1,6.5,0.469,0.7,2.1,0.344,2.4,4.5,0.528,0.524,1.2,1.4,0.812,0.6,1.9,2.5,3.2,1.0,0.3,1.2,2.2,8.0,Cory Joseph,12600000
107,2020-21,28.0,TOT,NBA,SG,33.0,33.0,32.7,7.1,17.5,0.408,2.4,7.2,0.326,4.8,10.2,0.466,0.47600000000000003,3.2,4.2,0.754,0.4,4.5,4.8,4.6,1.4,0.4,2.5,2.5,19.8,Victor Oladipo,21000000
108,2020-21,24.0,IND,NBA,PF,56.0,56.0,35.8,7.6,14.4,0.53,0.8,2.6,0.308,6.8,11.8,0.579,0.5579999999999999,4.1,5.5,0.732,2.5,9.4,11.9,6.3,1.2,0.5,3.4,3.3,20.1,Domantas Sabonis,17187500
109,2020-21,25.0,IND,NBA,SG,51,22,16.0,2.8,5.3,0.528,0.7,1.7,0.402,2.1,3.6,0.588,0.593,1.3,1.6,0.813,0.4,1.4,1.8,0.9,0.6,0.2,0.9,1.6,7.5,Edmond Sumner,2160000
110,2020-21,24.0,IND,NBA,C,47,47,31.0,4.4,9.2,0.47700000000000004,1.5,4.4,0.335,2.9,4.8,0.606,0.557,2.4,3.0,0.782,1.3,5.2,6.5,1.0,0.9,3.4,1.4,3.5,12.6,Myles Turner,18000000
111,2020-21,32.0,CHI,NBA,PF,61.0,19.0,24.3,5.5,9.6,0.574,0.2,0.6,0.263,5.4,9.0,0.596,0.583,1.0,1.5,0.628,2.4,3.7,6.1,4.3,1.1,0.5,2.0,2.3,12.2,Thaddeus Young,13545000
112,2020-21,32.0,LAC,NBA,PG,32,31,23.2,2.7,6.1,.436,1.7,4.0,.422,1.0,2.1,.463,.574,1.0,1.3,.805,0.8,2.7,3.5,2.1,0.8,0.8,0.9,3.1,8.0,Patrick Beverley,13333333
113,2020-21,32.0,ATL,NBA,PF,47,4,23.9,4.1,9.4,.435,2.1,5.1,.417,2.0,4.3,.458,.549,3.3,3.6,.928,0.3,3.8,4.1,1.5,0.6,0.2,0.9,2.0,13.6,Danilo Gallinari,19500000
114,2020-21,27.0,LAL,NBA,C,64.0,1.0,23.4,5.5,8.8,0.627,0.0,0.2,0.0,5.5,8.7,0.638,0.627,2.6,3.7,0.711,2.3,4.0,6.4,1.1,0.7,0.8,1.1,1.9,13.7,Montrezl Harrell,9258000
115,2020-21,32.0,BRK,NBA,C,56.0,43.0,22.2,3.4,4.4,0.763,0.0,0.0,0.0,3.4,4.4,0.7659999999999999,0.763,0.8,1.6,0.5,2.1,5.5,7.6,1.6,0.3,1.2,1.5,2.1,7.6,DeAndre Jordan,10375678
116,2020-21,28.0,TOT,NBA,SG,30.0,2.0,22.6,2.7,6.5,0.413,1.3,3.9,0.345,1.4,2.7,0.513,0.515,0.7,0.9,0.741,0.2,2.0,2.2,2.2,0.8,0.1,0.9,1.6,7.4,Austin Rivers,3174603
117,2020-21,26.0,NOP,NBA,SG,14.0,1.0,5.2,0.5,1.5,0.33299999999999996,0.2,0.6,0.33299999999999996,0.3,0.9,0.33299999999999996,0.405,0.0,0.1,0.0,0.1,0.3,0.4,0.3,0.4,0.1,0.3,0.2,1.2,Sindarius Thornwell,747435
118,2020-21,34.0,TOT,NBA,PG,61.0,4.0,22.1,4.2,10.1,0.41100000000000003,1.1,2.7,0.395,3.1,7.4,0.41700000000000004,0.46399999999999997,2.4,2.8,0.863,0.3,1.8,2.1,3.5,0.8,0.1,1.6,1.0,11.8,Lou Williams,8000000
119,2020-21,23.0,NOP,NBA,PG,52.0,52.0,31.7,5.3,12.7,0.41600000000000004,3.1,8.3,0.37799999999999995,2.2,4.5,0.48700000000000004,0.539,0.9,1.2,0.8,0.6,4.2,4.7,5.8,1.5,0.6,2.2,1.9,14.6,Lonzo Ball,11003782
120,2020-21,23.0,WAS,NBA,C,10.0,10.0,27.1,5.9,9.1,0.648,0.9,2.1,0.429,5.0,7.0,0.7140000000000001,0.698,1.6,2.4,0.667,1.8,4.3,6.1,1.5,0.4,0.8,1.1,3.1,14.3,Thomas Bryant,8333333
121,2020-21,27.0,LAL,NBA,SG,60.0,60.0,27.9,3.2,7.5,0.425,1.8,4.3,0.41200000000000003,1.4,3.2,0.44299999999999995,0.5429999999999999,1.4,1.6,0.853,0.4,2.3,2.7,1.7,0.9,0.4,1.0,1.7,9.5,Kentavious Caldwell-Pope,12073020
122,2020-21,26.0,LAL,NBA,PG,53,2,20.6,2.1,4.9,0.429,0.9,2.4,0.4,1.2,2.6,0.456,0.525,0.8,1.3,0.657,0.5,2.4,2.9,2.6,1.1,0.3,1.2,1.8,6.0,Alex Caruso,2750000
123,2020-21,25.0,NOP,NBA,SF,47.0,4.0,28.7,3.2,7.3,0.439,1.3,4.1,0.326,1.9,3.2,0.583,0.531,1.5,1.9,0.775,1.1,6.9,8.0,2.3,0.8,0.3,1.0,2.4,9.2,Josh Hart,3491159
124,2020-21,23.0,NOP,NBA,SF,61.0,61.0,34.3,8.4,18.0,0.466,2.3,6.1,0.381,6.1,11.9,0.51,0.531,4.6,5.2,0.878,0.6,4.3,4.9,4.9,0.7,0.6,2.5,2.0,23.8,Brandon Ingram,27285000
125,2020-21,25.0,LAL,NBA,SF,62,30,28.7,4.9,11.1,0.43799999999999994,2.1,5.7,0.365,2.8,5.5,0.515,0.531,0.9,1.3,0.687,1.7,4.5,6.2,1.8,0.5,0.6,1.7,1.7,12.7,Kyle Kuzma,3562178
126,2020-21,32.0,MIL,NBA,C,65.0,65.0,27.2,4.4,9.0,0.491,1.4,4.1,0.34299999999999997,3.0,4.8,0.616,0.569,1.6,1.9,0.851,1.4,3.5,4.9,0.8,0.6,1.5,0.9,2.2,11.8,Brook Lopez,12697675
127,2020-21,26.0,NYK,NBA,PF,65.0,65.0,37.3,8.5,18.4,0.461,2.3,5.4,0.42,6.2,13.0,0.478,0.523,4.8,6.0,0.809,1.2,9.0,10.2,5.9,0.9,0.3,3.4,3.1,24.1,Julius Randle,18900000
128,2020-21,23.0,LAC,NBA,C,66.0,27.0,22.6,3.6,5.6,0.644,0.0,0.0,0.0,3.6,5.5,0.649,0.644,1.9,2.5,0.784,2.7,4.6,7.3,1.3,0.4,0.9,1.2,2.6,9.1,Ivica Zubac,7000000
129,2020-21,25.0,MEM,NBA,SF,61,61,29.4,6.3,15.1,0.42,2.0,5.5,0.354,4.4,9.6,0.457,0.484,2.4,2.8,0.8370000000000001,0.8,2.1,2.9,2.3,1.1,0.4,1.8,3.5,17.0,Dillon Brooks,11400000
130,2020-21,33.0,UTA,NBA,PG,49.0,49.0,29.8,5.7,12.7,0.446,2.7,6.7,0.40700000000000003,2.9,6.0,0.49,0.5539999999999999,2.4,2.8,0.853,0.7,2.7,3.4,6.0,1.4,0.2,2.0,1.9,16.4,Mike Conley,34504132
131,2020-21,36.0,LAL,NBA,C,47,42,19.2,1.8,4.0,.457,1.0,2.5,.405,0.8,1.5,.543,.583,0.7,1.0,.729,0.8,3.4,4.1,2.0,0.5,1.2,1.1,2.2,5.4,Marc Gasol,2564753
132,2020-21,30.0,DEN,NBA,PF,52.0,4.0,18.9,3.0,6.4,0.46799999999999997,1.3,3.3,0.402,1.7,3.1,0.541,0.574,0.8,0.9,0.833,1.5,3.5,4.9,0.8,0.5,0.4,0.9,2.4,8.1,JaMychal Green,7199760
133,2020-21,27.0,TOT,NBA,SG,46.0,5.0,16.8,2.6,7.0,0.37,1.8,5.3,0.344,0.8,1.7,0.449,0.5,0.8,1.2,0.736,0.3,1.6,1.9,0.7,0.5,0.1,0.8,1.7,7.8,Ben McLemore,2852708
134,2020-21,27.0,TOT,NBA,SG,46.0,5.0,16.8,2.6,7.0,0.37,1.8,5.3,0.344,0.8,1.7,0.449,0.5,0.8,1.2,0.736,0.3,1.6,1.9,0.7,0.5,0.1,0.8,1.7,7.8,Ben McLemore,2852708
135,2020-21,23.0,MIA,NBA,C,59,59,33.5,7.2,12.7,0.5670000000000001,0.0,0.1,0.25,7.2,12.5,0.57,0.568,4.5,5.7,0.797,2.3,6.8,9.1,5.4,1.2,1.0,2.7,2.2,18.9,Bam Adebayo,5115492
136,2020-21,34.0,MIA,NBA,PG,45.0,11.0,26.7,4.7,10.8,0.43,1.6,4.7,0.35100000000000003,3.0,6.2,0.491,0.506,2.2,2.6,0.8290000000000001,0.5,3.0,3.5,4.5,0.7,0.2,2.4,2.2,13.1,Goran Dragić,18000000
137,2020-21,33.0,DET,NBA,SG,44.0,30.0,21.9,3.2,7.3,0.445,2.5,5.9,0.42100000000000004,0.8,1.4,0.55,0.616,0.6,0.8,0.8,0.3,1.6,1.9,1.4,0.4,0.2,0.7,1.3,9.6,Wayne Ellington,3005225
138,2020-21,33.0,DET,NBA,SG,44.0,30.0,21.9,3.2,7.3,0.445,2.5,5.9,0.42100000000000004,0.8,1.4,0.55,0.616,0.6,0.8,0.8,0.3,1.6,1.9,1.4,0.4,0.2,0.7,1.3,9.6,Wayne Ellington,3005225
139,2020-21,33.0,TOT,NBA,PF,45.0,6.0,19.8,2.7,6.1,0.436,0.6,2.4,0.25,2.1,3.7,0.557,0.485,0.8,1.3,0.617,0.6,2.7,3.3,1.9,0.8,0.9,1.1,2.4,6.8,James Johnson,16047100
140,2020-21,28.0,BRK,NBA,SG,36.0,3.0,17.4,1.8,4.7,0.38799999999999996,1.3,3.4,0.363,0.6,1.3,0.457,0.521,0.5,0.6,0.857,0.2,1.8,1.9,1.1,0.4,0.0,0.4,1.0,5.4,Tyler Johnson,2028594
141,2020-21,29.0,DET,NBA,SG,16.0,2.0,12.1,2.3,4.4,0.529,0.7,1.5,0.45799999999999996,1.6,2.9,0.565,0.607,0.4,0.5,0.75,0.5,0.9,1.4,1.0,0.5,0.1,0.4,0.8,5.7,Rodney McGruder,5000000
142,2020-21,29.0,TOT,NBA,"C,PF",65.0,57.0,28.6,4.8,9.8,0.489,1.8,5.3,0.337,3.0,4.4,0.672,0.581,1.6,1.9,0.825,1.3,5.6,6.9,2.6,1.1,0.6,1.7,2.9,12.9,Kelly Olynyk,12198243
143,2020-21,27.0,DAL,NBA,SG,52.0,52.0,31.3,4.4,10.5,0.424,1.5,4.7,0.322,2.9,5.8,0.507,0.496,1.8,2.0,0.912,0.8,2.6,3.4,2.7,0.9,0.4,1.4,2.3,12.2,Josh Richardson,10800000
144,2020-21,31.0,SAC,NBA,C,36,4,15.2,3.5,6.2,.563,0.0,0.0,.000,3.5,6.2,.565,.563,1.1,2.2,.519,1.7,4.3,6.0,0.6,0.3,1.3,1.1,2.0,8.1,Hassan Whiteside,2320044
145,2020-21,24.0,MEM,NBA,SF,24.0,0.0,19.3,2.7,8.0,0.34,0.3,2.0,0.125,2.5,6.0,0.413,0.35600000000000004,0.7,1.2,0.586,0.7,3.6,4.3,1.8,0.6,0.5,1.4,1.8,6.4,Justise Winslow,13000000
146,2020-21,30.0,TOT,NBA,C,36,11,18.1,3.2,7.7,.410,1.3,3.6,.351,1.9,4.1,.463,.493,1.6,2.2,.718,1.4,5.5,6.9,2.0,0.7,0.6,1.7,2.6,9.2,DeMarcus Cousins,2666959
147,2020-21,30.0,TOT,NBA,C,36,11,18.1,3.2,7.7,.410,1.3,3.6,.351,1.9,4.1,.463,.493,1.6,2.2,.718,1.4,5.5,6.9,2.0,0.7,0.6,1.7,2.6,9.2,DeMarcus Cousins,2666959
148,2020-21,27.0,LAL,NBA,PF,30.0,30.0,32.1,8.4,16.7,0.503,0.7,2.8,0.265,7.7,13.9,0.55,0.525,3.9,5.4,0.72,1.8,6.2,8.0,3.0,1.3,1.8,2.1,1.8,21.4,Anthony Davis,32742000
149,2020-21,29.0,ATL,NBA,PF,66.0,14.0,21.7,1.6,4.4,0.365,1.0,3.1,0.325,0.6,1.3,0.45899999999999996,0.479,0.5,0.6,0.762,0.6,2.5,3.1,1.0,0.7,0.2,0.6,1.7,4.7,Solomon Hill,2174318
150,2020-21,30.0,MIL,NBA,PG,54.0,51.0,32.2,7.0,13.8,0.505,1.9,4.8,0.397,5.1,9.1,0.562,0.574,1.8,2.3,0.772,1.2,3.4,4.6,5.9,1.7,0.6,2.2,1.7,17.6,Jrue Holiday,26131111
151,2020-21,30.0,OKC,NBA,SF,18.0,0.0,10.9,1.2,2.7,0.45799999999999996,0.9,2.3,0.405,0.3,0.3,0.833,0.635,0.7,0.7,1.0,0.1,1.2,1.3,1.2,0.7,0.3,0.4,0.7,4.1,Darius Miller,7000000
152,2020-21,34.0,TOT,NBA,PG,40.0,2.0,16.7,2.0,4.7,0.426,0.7,2.0,0.359,1.3,2.8,0.473,0.5,0.3,0.3,0.909,0.4,2.0,2.3,4.1,0.9,0.1,1.7,1.3,5.0,Rajon Rondo,7500000
153,2020-21,26.0,MIL,NBA,PF,56,56,33.1,10.3,18.3,0.562,1.2,3.7,0.311,9.1,14.6,0.626,0.594,6.7,9.7,0.688,1.6,9.4,11.1,5.9,1.2,1.3,3.6,2.8,28.4,Giannis Antetokounmpo,27528090
154,2020-21,31.0,NOP,NBA,SG,65.0,64.0,29.9,4.2,10.0,0.419,1.8,5.0,0.348,2.4,5.0,0.491,0.506,1.8,2.5,0.7090000000000001,0.4,3.0,3.4,3.7,0.8,0.3,1.6,1.6,12.0,Eric Bledsoe,16875000
155,2020-21,28.0,IND,NBA,PG,56.0,56.0,34.5,7.9,17.5,0.45299999999999996,2.6,6.7,0.38799999999999996,5.3,10.8,0.493,0.527,2.7,3.2,0.8640000000000001,1.0,4.2,5.3,5.9,0.9,0.3,2.1,2.0,21.2,Malcolm Brogdon,20700000
156,2020-21,25.0,HOU,NBA,SG,51.0,14.0,24.1,2.9,6.6,0.44799999999999995,1.8,4.2,0.423,1.2,2.4,0.49200000000000005,0.584,0.5,0.6,0.8059999999999999,0.7,3.6,4.4,1.4,0.7,0.2,0.8,1.9,8.2,Sterling Brown,1678854
157,2020-21,30.0,CLE,NBA,PG,13.0,1.0,17.2,1.1,4.3,0.25,0.3,1.9,0.16,0.8,2.4,0.32299999999999995,0.28600000000000003,0.3,0.3,1.0,0.5,1.4,1.8,4.5,0.3,0.1,0.5,1.6,2.8,Matthew Dellavedova,2174318
158,2020-21,23.0,CLE,NBA,C,8.0,0.0,9.5,1.3,2.3,0.556,0.0,0.3,0.0,1.3,2.0,0.625,0.556,1.3,1.4,0.909,1.0,1.3,2.3,0.5,0.3,0.5,0.4,0.9,3.8,Thon Maker,309355
159,2020-21,29.0,MIL,NBA,SF,63.0,63.0,33.5,7.5,15.9,0.475,2.3,5.3,0.425,5.3,10.6,0.5,0.546,3.1,3.4,0.894,0.8,5.2,6.0,5.5,1.1,0.1,2.7,2.4,20.4,Khris Middleton,33051724
160,2020-21,25.0,TOT,NBA,PF,10.0,0.0,11.1,1.9,3.5,0.5429999999999999,0.0,0.5,0.0,1.9,3.0,0.633,0.5429999999999999,0.3,0.4,0.75,0.8,2.2,3.0,0.7,0.1,0.4,0.8,0.9,4.1,Jabari Parker,6916834
161,2020-21,25.0,TOT,NBA,PF,10.0,0.0,11.1,1.9,3.5,0.5429999999999999,0.0,0.5,0.0,1.9,3.0,0.633,0.5429999999999999,0.3,0.4,0.75,0.8,2.2,3.0,0.7,0.1,0.4,0.8,0.9,4.1,Jabari Parker,6916834
162,2020-21,29.0,ATL,NBA,SG,44.0,22.0,21.1,1.9,3.6,0.516,1.4,2.4,0.575,0.5,1.2,0.396,0.708,0.3,0.3,1.0,0.4,2.0,2.3,1.3,0.3,0.3,0.4,1.6,5.4,Tony Snell,12178571
163,2020-21,24.0,TOT,NBA,PF,35.0,1.0,12.4,1.9,4.8,0.405,0.9,2.5,0.345,1.1,2.3,0.469,0.494,0.5,0.7,0.68,0.6,2.6,3.2,0.7,0.3,0.5,0.6,1.3,5.2,D.J. Wilson,4548280
164,2020-21,32.0,TOT,NBA,PF,35.0,1.0,15.3,2.2,5.0,0.446,0.6,2.1,0.27,1.7,2.9,0.574,0.503,1.0,1.3,0.723,0.7,2.6,3.3,1.7,0.3,0.1,0.9,1.8,6.0,Nemanja Bjelica,7150000
165,2020-21,31.0,MIA,NBA,SF,48.0,48.0,33.8,7.1,14.4,0.493,0.4,1.9,0.204,6.7,12.4,0.539,0.507,6.9,8.0,0.865,1.8,5.2,7.0,7.2,2.1,0.4,2.1,1.4,21.5,Jimmy Butler,34379100
166,2020-21,31.0,TOT,NBA,C,33.0,1.0,15.1,2.2,4.2,0.507,0.8,1.9,0.43799999999999994,1.3,2.3,0.5660000000000001,0.607,1.6,1.9,0.857,1.1,2.7,3.8,1.2,0.7,0.5,0.8,1.6,6.8,Gorgui Dieng,17587688
167,2020-21,31.0,TOT,NBA,C,33.0,1.0,15.1,2.2,4.2,0.507,0.8,1.9,0.43799999999999994,1.3,2.3,0.5660000000000001,0.607,1.6,1.9,0.857,1.1,2.7,3.8,1.2,0.7,0.5,0.8,1.6,6.8,Gorgui Dieng,17587688
168,2020-21,35.0,NYK,NBA,PF,39.0,3.0,20.6,2.1,3.4,0.619,0.1,0.4,0.2,2.1,3.1,0.672,0.631,0.8,1.2,0.6890000000000001,2.2,3.3,5.5,0.7,0.7,1.0,0.5,2.3,5.1,Taj Gibson,3283684
169,2020-21,35.0,NYK,NBA,PF,39.0,3.0,20.6,2.1,3.4,0.619,0.1,0.4,0.2,2.1,3.1,0.672,0.631,0.8,1.2,0.6890000000000001,2.2,3.3,5.5,0.7,0.7,1.0,0.5,2.3,5.1,Taj Gibson,3283684
170,2020-21,24.0,MEM,NBA,PG,63.0,8.0,17.9,2.7,6.1,0.435,0.7,2.1,0.318,2.0,4.0,0.496,0.49,0.6,0.7,0.902,0.3,1.7,2.0,3.8,0.9,0.1,0.7,0.5,6.6,Tyus Jones,7965100
171,2020-21,23.0,HOU,NBA,C,13.0,6.0,19.0,2.2,5.4,0.414,0.7,2.6,0.265,1.5,2.8,0.556,0.479,0.2,0.3,0.75,1.1,2.7,3.8,1.1,0.9,1.1,0.3,2.6,5.4,Justin Patton,893310
172,2020-21,32.0,TOT,NBA,PG,50.0,6.0,17.7,2.2,5.2,0.43,0.6,1.5,0.408,1.6,3.6,0.44,0.49,1.6,1.9,0.8490000000000001,0.3,1.4,1.7,2.4,0.6,0.2,1.1,1.1,6.6,Jeff Teague,3372826
173,2020-21,32.0,TOT,NBA,PG,50.0,6.0,17.7,2.2,5.2,0.43,0.6,1.5,0.408,1.6,3.6,0.44,0.49,1.6,1.9,0.8490000000000001,0.3,1.4,1.7,2.4,0.6,0.2,1.1,1.1,6.6,Jeff Teague,3372826
174,2020-21,25.0,MIN,NBA,C,44,44,34.0,8.5,17.5,0.48700000000000004,2.5,6.3,0.396,6.1,11.3,0.537,0.5579999999999999,5.2,6.0,0.8640000000000001,2.6,8.1,10.7,4.6,0.8,1.3,3.3,3.7,24.8,Karl-Anthony Towns,29430000
175,2020-21,25.0,GSW,NBA,PF,66.0,66.0,33.3,6.9,14.7,0.473,2.0,5.2,0.38299999999999995,4.9,9.4,0.523,0.541,2.5,3.5,0.715,1.1,3.7,4.8,2.3,1.0,1.0,1.8,2.2,18.3,Andrew Wiggins,29542010
176,2020-21,28.0,DAL,NBA,PG,55.0,1.0,14.8,2.5,5.7,0.444,1.0,2.6,0.37200000000000005,1.6,3.1,0.506,0.53,0.8,0.9,0.88,0.1,0.7,0.8,1.4,0.6,0.1,0.5,1.0,6.9,Trey Burke,3174603
177,2020-21,26.0,CLE,NBA,SG,41.0,6.0,19.1,2.5,6.2,0.39799999999999996,0.9,3.3,0.284,1.6,3.0,0.525,0.473,0.6,0.8,0.6759999999999999,0.1,1.9,2.0,2.0,0.4,0.1,0.9,1.0,6.5,Damyean Dotson,2000000
178,2020-21,28.0,POR,NBA,C,66.0,35.0,25.0,4.9,8.0,0.609,0.0,0.0,0.0,4.9,8.0,0.61,0.609,1.8,2.3,0.78,4.1,7.1,11.2,1.2,0.5,0.7,1.1,2.4,11.5,Enes Kanter,5005350
179,2020-21,25.0,TOT,NBA,"C,PF",26.0,0.0,9.9,1.2,2.8,0.43200000000000005,0.5,1.8,0.292,0.7,1.0,0.6920000000000001,0.527,0.1,0.2,0.5,0.4,1.5,1.9,0.7,0.1,0.8,0.2,0.5,3.1,Luke Kornet,2304878
180,2020-21,25.0,DAL,NBA,C,40,40,31.1,7.6,16.0,.473,2.2,6.1,.362,5.4,9.9,.542,.542,2.8,3.3,.850,1.9,7.1,9.1,1.6,0.5,1.4,1.3,2.7,20.2,Kristaps Porziņģis,29467800
181,2020-21,27.0,NOP,NBA,C,58.0,58.0,27.7,3.3,5.3,0.614,0.0,0.1,0.0,3.3,5.3,0.62,0.614,1.0,2.3,0.444,3.7,5.2,8.9,1.9,0.9,0.7,1.3,1.9,7.6,Steven Adams,27528090
182,2020-21,36.0,POR,NBA,PF,65.0,3.0,24.6,4.8,11.4,0.423,1.9,4.7,0.406,2.9,6.7,0.436,0.507,2.0,2.3,0.887,0.5,2.7,3.2,1.5,0.7,0.6,0.9,2.1,13.7,Carmelo Anthony,2564753
183,2020-21,24.0,DEN,NBA,SG,50.0,6.0,21.8,3.0,7.1,0.41700000000000004,0.9,3.0,0.315,2.0,4.1,0.49,0.483,0.8,1.3,0.636,0.7,2.9,3.6,1.8,0.6,0.4,0.9,1.7,7.7,PJ Dozier,893310
184,2020-21,22.0,PHI,NBA,SG,13.0,0.0,3.8,0.1,0.5,0.14300000000000002,0.0,0.4,0.0,0.1,0.2,0.5,0.14300000000000002,0.0,0.0,0,0.0,0.1,0.1,0.2,0.1,0.0,0.3,0.5,0.2,Terrance Ferguson,3944013
185,2020-21,30.0,LAC,NBA,SF,50.0,50.0,33.6,8.3,17.7,0.47,3.2,7.6,0.418,5.2,10.1,0.509,0.56,3.8,4.3,0.87,0.8,5.8,6.6,5.2,1.2,0.5,3.3,2.4,23.6,Paul George,35450412
186,2020-21,26.0,DET,NBA,SF,53.0,53.0,34.1,7.5,17.4,0.428,2.2,6.1,0.354,5.3,11.3,0.469,0.491,5.4,6.4,0.8490000000000001,0.7,4.0,4.6,2.8,0.7,1.1,2.0,2.3,22.5,Jerami Grant,19047619
187,2020-21,31.0,LAC,NBA,PF,36.0,4.0,14.2,1.8,4.0,0.434,1.0,2.8,0.364,0.8,1.3,0.5870000000000001,0.5589999999999999,0.3,0.4,0.75,0.4,1.4,1.9,0.6,0.4,0.2,0.3,1.2,4.8,Patrick Patterson,3814768
188,2020-21,31.0,LAC,NBA,PF,36.0,4.0,14.2,1.8,4.0,0.434,1.0,2.8,0.364,0.8,1.3,0.5870000000000001,0.5589999999999999,0.3,0.4,0.75,0.4,1.4,1.9,0.6,0.4,0.2,0.3,1.2,4.8,Patrick Patterson,3814768
189,2020-21,32.0,WAS,NBA,PG,59.0,59.0,35.9,8.4,18.8,0.444,1.2,3.9,0.312,7.1,14.9,0.479,0.47700000000000004,4.0,6.2,0.64,1.7,9.6,11.3,11.3,1.4,0.4,4.9,2.8,21.9,Russell Westbrook,41358814
190,2020-21,33.0,TOT,NBA,PG,51.0,6.0,19.2,2.2,5.6,0.385,1.3,3.5,0.374,0.8,2.1,0.402,0.502,1.4,1.5,0.932,0.4,1.3,1.6,3.3,0.5,0.0,1.1,1.0,7.0,D.J. Augustin,6666667
191,2020-21,28.0,TOT,NBA,C,61.0,16.0,21.8,2.5,5.1,0.495,0.2,0.6,0.263,2.4,4.5,0.527,0.511,1.3,1.9,0.693,2.6,3.0,5.6,1.2,0.7,0.7,0.6,1.6,6.5,Khem Birch,3425463
192,2020-21,28.0,TOT,NBA,C,61.0,16.0,21.8,2.5,5.1,0.495,0.2,0.6,0.263,2.4,4.5,0.527,0.511,1.3,1.9,0.693,2.6,3.0,5.6,1.2,0.7,0.7,0.6,1.6,6.5,Khem Birch,3425463
193,2020-21,28.0,CHO,NBA,C,59.0,31.0,20.8,2.2,3.7,0.58,0.0,0.0,0.0,2.2,3.7,0.583,0.58,0.8,1.7,0.446,2.1,3.2,5.3,1.3,0.3,1.2,1.0,2.1,5.1,Bismack Biyombo,2331593
194,2020-21,28.0,TOT,NBA,"SF,SG",37.0,31.0,29.6,5.7,12.6,0.449,2.6,6.6,0.389,3.1,6.1,0.513,0.55,2.8,3.5,0.794,0.2,2.8,3.0,3.2,1.2,0.4,1.8,2.2,16.7,Evan Fournier,17000000
195,2020-21,25.0,TOT,NBA,PF,46.0,46.0,27.9,4.6,10.0,0.457,1.2,3.6,0.341,3.3,6.4,0.522,0.518,2.1,3.2,0.6509999999999999,1.5,4.3,5.8,3.3,0.6,0.7,2.1,1.9,12.5,Aaron Gordon,18136364
196,2020-21,26.0,TOT,NBA,SF,37.0,4.0,13.0,0.8,2.4,0.344,0.1,1.1,0.128,0.7,1.4,0.51,0.37200000000000005,0.6,0.8,0.828,0.3,1.8,2.1,0.4,0.4,0.1,0.5,1.2,2.5,Wesley Iwundu,1678854
197,2020-21,26.0,NYK,NBA,PG,57.0,57.0,24.5,4.6,10.5,0.44299999999999995,0.5,1.7,0.295,4.1,8.8,0.47100000000000003,0.466,1.3,1.8,0.6859999999999999,1.1,2.5,3.6,3.4,0.8,0.2,1.7,1.8,11.0,Elfrid Payton,5760000
198,2020-21,26.0,NYK,NBA,PG,57.0,57.0,24.5,4.6,10.5,0.44299999999999995,0.5,1.7,0.295,4.1,8.8,0.47100000000000003,0.466,1.3,1.8,0.6859999999999999,1.1,2.5,3.6,3.4,0.8,0.2,1.7,1.8,11.0,Elfrid Payton,5760000
199,2020-21,29.0,ORL,NBA,SG,46.0,2.0,29.3,5.5,13.4,0.41200000000000003,1.9,5.7,0.337,3.6,7.7,0.469,0.485,2.6,3.0,0.87,0.3,3.1,3.4,2.3,1.0,0.5,1.6,1.9,15.6,Terrence Ross,13500000
200,2020-21,30.0,TOT,NBA,C,64.0,64.0,33.6,9.6,19.9,0.484,2.6,6.2,0.41100000000000003,7.1,13.7,0.518,0.5489999999999999,2.0,2.4,0.836,2.0,9.5,11.5,3.7,1.0,0.7,1.8,1.9,23.8,Nikola Vučević,26000000
201,2020-21,30.0,POR,NBA,PF,64.0,64.0,32.0,3.0,7.4,0.408,2.0,5.1,0.387,1.0,2.3,0.455,0.541,0.7,0.9,0.825,0.9,5.8,6.7,1.7,1.5,1.2,1.0,2.7,8.7,Robert Covington,12138345
202,2020-21,26.0,PHI,NBA,C,47,47,31.5,9.2,18.0,.511,1.1,3.1,.363,8.1,14.9,.541,.542,9.5,11.1,.855,2.3,8.4,10.8,2.9,1.0,1.4,3.1,2.4,29.1,Joel Embiid,29542010
203,2020-21,22.0,ORL,NBA,PG,8.0,8.0,26.9,5.1,13.0,0.39399999999999996,0.5,2.0,0.25,4.6,11.0,0.42,0.413,2.1,2.4,0.895,0.6,2.5,3.1,5.4,1.0,0.3,2.3,2.3,12.9,Markelle Fultz,12288697
204,2020-21,27.0,SAC,NBA,C,57.0,57.0,29.6,6.1,9.5,0.639,0.0,0.2,0.182,6.1,9.3,0.648,0.6409999999999999,2.2,2.8,0.789,2.5,6.1,8.5,1.6,0.6,1.6,1.3,3.6,14.4,Richaun Holmes,5005350
205,2020-21,23.0,PHI,NBA,SG,52,10,19.3,3.1,7.7,0.408,1.9,4.8,0.385,1.3,2.8,0.446,0.529,1.1,1.6,0.728,0.3,1.8,2.0,1.4,0.9,0.2,0.8,1.2,9.3,Furkan Korkmaz,1762796
206,2020-21,25.0,BRK,NBA,SF,55.0,7.0,18.8,2.3,6.3,0.364,1.3,4.3,0.315,1.0,2.1,0.465,0.47,0.6,0.8,0.8140000000000001,0.5,1.8,2.3,1.2,0.6,0.1,0.8,1.8,6.6,Timothé Luwawu-Cabarrot,1824003
207,2020-21,28.0,IND,NBA,PG,62.0,2.0,25.5,3.8,6.8,0.552,0.2,0.7,0.341,3.5,6.1,0.575,0.569,0.4,0.6,0.65,0.8,2.8,3.6,6.6,1.8,0.3,1.9,1.6,8.2,T.J. McConnell,3500000
208,2020-21,36.0,TOT,NBA,SG,42.0,0.0,16.9,2.5,6.2,0.4,1.5,4.1,0.37200000000000005,1.0,2.1,0.455,0.523,1.2,1.2,0.9420000000000001,0.1,1.4,1.5,1.2,0.3,0.1,0.8,1.1,7.6,J.J. Redick,13013700
209,2020-21,26.0,PHO,NBA,C,45.0,1.0,17.2,3.1,6.8,0.45399999999999996,1.0,2.8,0.36,2.1,4.0,0.519,0.528,1.6,1.9,0.857,1.0,2.9,3.8,1.3,0.6,0.1,1.2,1.9,8.8,Dario Šarić,8333333
210,2020-21,24.0,PHI,NBA,PG,54,54,32.5,5.6,10.1,.558,0.1,0.2,.300,5.6,9.9,.563,.561,3.1,5.2,.606,1.6,5.7,7.3,6.8,1.6,0.6,3.1,2.9,14.4,Ben Simmons,29250000
211,2020-21,24.0,PHO,NBA,SG,62,62,33.9,9.5,19.4,0.489,1.9,5.6,0.342,7.6,13.9,0.5479999999999999,0.5379999999999999,4.8,5.6,0.86,0.5,3.6,4.1,4.4,0.8,0.3,3.1,2.8,25.7,Devin Booker,29430000
212,2020-21,35.0,LAL,NBA,PF,11.0,0.0,6.9,0.2,0.6,0.28600000000000003,0.2,0.5,0.4,0.0,0.2,0.0,0.429,0.0,0.0,0,0.4,1.4,1.7,0.5,0.1,0.1,0.2,0.6,0.5,Jared Dudley,2564753
213,2020-21,27.0,TOT,NBA,SG,28.0,0.0,8.0,0.8,2.0,0.386,0.1,0.3,0.33299999999999996,0.7,1.7,0.396,0.41200000000000003,0.5,0.6,0.833,0.2,1.0,1.1,0.5,0.5,0.1,0.3,0.8,2.2,Shaquille Harrison,770433
214,2020-21,27.0,HOU,NBA,SF,33.0,22.0,26.8,3.1,7.6,0.406,1.5,4.4,0.354,1.5,3.2,0.47700000000000004,0.508,1.2,1.8,0.6609999999999999,0.5,3.2,3.8,1.8,0.6,0.5,0.9,1.9,8.9,Danuel House,3717000
215,2020-21,23.0,DET,NBA,SG,59.0,23.0,25.1,4.8,11.4,0.42200000000000004,1.2,4.1,0.301,3.6,7.4,0.488,0.475,2.5,3.5,0.727,0.9,3.1,4.0,2.2,0.8,0.7,2.2,2.8,13.4,Josh Jackson,4767000
216,2020-21,27.0,TOT,NBA,C,58.0,36.0,15.4,2.7,4.4,0.624,0.1,0.4,0.32,2.6,4.0,0.657,0.639,1.2,1.9,0.609,1.2,2.8,3.9,0.8,0.3,1.0,0.9,2.0,6.8,Alex Len,4032648
217,2020-21,27.0,TOT,NBA,C,58.0,36.0,15.4,2.7,4.4,0.624,0.1,0.4,0.32,2.6,4.0,0.657,0.639,1.2,1.9,0.609,1.2,2.8,3.9,0.8,0.3,1.0,0.9,2.0,6.8,Alex Len,4032648
218,2020-21,30.0,TOT,NBA,PF,23.0,14.0,18.9,1.7,4.3,0.384,0.3,1.6,0.21600000000000003,1.3,2.7,0.484,0.424,0.8,1.0,0.818,1.0,3.8,4.8,1.3,0.8,0.4,1.2,1.3,4.4,Al-Farouq Aminu,9720900
219,2020-21,28.0,MIL,NBA,SG,63.0,3.0,22.9,2.5,5.6,0.446,1.5,3.9,0.386,1.0,1.7,0.585,0.581,0.4,0.6,0.757,0.9,3.8,4.7,1.2,0.7,0.3,0.5,1.5,6.9,Pat Connaughton,4938272
220,2020-21,31.0,MIN,NBA,C,22.0,7.0,13.3,0.9,2.0,0.43200000000000005,0.0,0.0,0,0.9,2.0,0.43200000000000005,0.43200000000000005,0.5,0.5,0.833,2.1,3.0,5.1,1.0,0.6,0.6,0.3,2.5,2.2,Ed Davis,5005350
221,2020-21,27.0,TOT,NBA,"PF,SF",32.0,18.0,19.9,1.7,3.9,0.424,0.5,2.0,0.254,1.2,1.9,0.597,0.488,0.8,0.9,0.8,0.4,1.8,2.2,0.9,0.8,0.5,0.6,2.2,4.6,Maurice Harkless,3623000
222,2020-21,26.0,MIN,NBA,SF,42.0,11.0,14.3,2.1,4.2,0.49700000000000005,0.5,1.7,0.28800000000000003,1.6,2.4,0.647,0.557,0.6,0.9,0.703,0.3,1.2,1.5,0.7,0.7,0.4,0.6,1.0,5.3,Jake Layman,3761085
223,2020-21,30.0,POR,NBA,PG,61,61,35.8,8.8,20.0,0.44,4.1,10.7,0.384,4.7,9.4,0.503,0.542,6.7,7.2,0.925,0.5,3.7,4.2,7.6,1.0,0.3,3.1,1.6,28.4,Damian Lillard,31626953
224,2020-21,29.0,POR,NBA,SG,41,41,33.8,8.5,18.8,0.45299999999999996,3.5,9.0,0.392,5.0,9.7,0.509,0.547,2.3,2.8,0.823,0.7,3.4,4.1,4.8,1.0,0.5,1.4,2.0,22.8,CJ McCollum,29354152
225,2020-21,26.0,POR,NBA,C,31.0,31.0,23.3,4.3,8.5,0.506,0.4,0.9,0.39299999999999996,4.0,7.6,0.519,0.526,1.9,2.9,0.637,2.1,6.5,8.6,3.2,0.9,1.0,2.0,2.8,10.9,Jusuf Nurkić,12000000
226,2020-21,28.0,ATL,NBA,SG,40.0,23.0,29.1,5.8,12.6,0.45899999999999996,3.1,7.4,0.425,2.7,5.2,0.507,0.583,0.8,0.9,0.892,0.5,3.3,3.7,3.3,1.0,0.3,1.3,2.2,15.5,Bogdan Bogdanović,18000000
227,2020-21,25.0,HOU,NBA,PF,6.0,0.0,6.0,1.3,2.8,0.47100000000000003,0.0,0.8,0.0,1.3,2.0,0.667,0.47100000000000003,0.2,0.3,0.5,0.5,1.8,2.3,0.2,0.0,0.3,0.7,1.0,2.8,Bruno Caboclo,361256
228,2020-21,27.0,DAL,NBA,C,46.0,12.0,17.3,2.2,3.5,0.625,0.0,0.2,0.1,2.2,3.3,0.66,0.628,1.0,1.6,0.625,1.2,3.1,4.4,0.7,0.4,0.8,0.5,2.3,5.3,Willie Cauley-Stein,4000000
229,2020-21,23.0,SAC,NBA,PG,58,58,35.1,9.1,19.1,0.47700000000000004,1.8,5.5,0.322,7.3,13.6,0.539,0.523,5.2,7.2,0.7190000000000001,0.6,2.9,3.5,7.2,1.5,0.5,3.0,2.9,25.2,De'Aaron Fox,8099627
230,2020-21,28.0,SAC,NBA,SG,65.0,65.0,34.5,5.7,14.1,0.405,4.0,10.2,0.392,1.7,3.9,0.43799999999999994,0.547,1.3,1.5,0.848,0.4,4.4,4.7,3.4,0.9,0.4,1.8,2.5,16.7,Buddy Hield,24431818
231,2020-21,25.0,OKC,NBA,SF,33.0,3.0,16.5,2.6,6.4,0.406,1.0,3.4,0.306,1.6,3.1,0.515,0.486,0.9,1.1,0.857,0.4,1.7,2.2,1.5,0.5,0.1,0.9,0.9,7.2,Justin Jackson,5029650
232,2020-21,27.0,IND,NBA,PF,25.0,4.0,10.4,1.6,3.4,0.47100000000000003,0.1,0.5,0.25,1.5,2.9,0.507,0.488,0.6,1.0,0.6,0.9,1.8,2.6,0.1,0.1,0.5,0.6,1.9,3.9,JaKarr Sampson,1882867
233,2020-21,34.0,CHI,NBA,SG,49,23,27.2,2.9,6.9,.423,1.2,3.7,.339,1.7,3.2,.519,.513,0.7,0.9,.814,0.5,2.2,2.7,2.2,0.8,0.5,1.1,2.3,7.8,Garrett Temple,4767000
234,2020-21,35.0,TOT,NBA,C,26.0,23.0,25.9,5.4,11.4,0.473,1.2,3.1,0.38799999999999996,4.2,8.3,0.505,0.525,1.6,1.8,0.872,0.7,3.8,4.5,1.9,0.4,1.1,1.0,1.8,13.5,LaMarcus Aldridge,19078340
235,2020-21,35.0,TOT,NBA,C,26.0,23.0,25.9,5.4,11.4,0.473,1.2,3.1,0.38799999999999996,4.2,8.3,0.505,0.525,1.6,1.8,0.872,0.7,3.8,4.5,1.9,0.4,1.1,1.0,1.8,13.5,LaMarcus Aldridge,19078340
236,2020-21,27.0,MEM,NBA,PF,63.0,63.0,27.3,4.5,9.6,0.466,1.4,3.8,0.35700000000000004,3.1,5.8,0.5379999999999999,0.537,2.0,2.6,0.78,0.8,5.1,5.9,3.5,1.3,0.8,1.2,1.7,12.3,Kyle Anderson,9505100
237,2020-21,28.0,WAS,NBA,PF,51.0,5.0,25.0,3.3,8.2,0.40299999999999997,2.9,7.4,0.397,0.4,0.9,0.455,0.581,1.7,1.9,0.879,0.4,2.6,3.0,0.9,0.6,0.3,0.6,2.4,11.3,Dāvis Bertāns,15000000
238,2020-21,27.0,MIL,NBA,SG,65.0,10.0,19.6,3.6,7.7,0.469,2.2,4.9,0.445,1.4,2.8,0.511,0.611,0.7,0.8,0.782,0.2,1.5,1.6,0.6,0.3,0.0,0.6,1.1,10.0,Bryn Forbes,2337145
239,2020-21,34.0,SAS,NBA,PF,57.0,1.0,21.6,4.2,9.9,0.423,1.6,4.2,0.38799999999999996,2.5,5.6,0.449,0.506,1.3,1.6,0.7909999999999999,0.7,4.1,4.8,1.4,0.7,0.6,1.1,1.9,11.3,Rudy Gay,14000000
240,2020-21,33.0,PHI,NBA,SF,64.0,64.0,28.1,3.3,7.9,0.41700000000000004,2.5,6.3,0.408,0.7,1.6,0.452,0.578,0.4,0.5,0.7709999999999999,0.8,3.0,3.8,1.7,1.4,0.8,1.0,1.9,9.5,Danny Green,15365854
241,2020-21,29.0,LAC,NBA,SF,48.0,48.0,34.3,9.2,17.8,0.516,1.9,4.9,0.397,7.3,12.9,0.561,0.5710000000000001,4.9,5.6,0.8809999999999999,1.1,5.4,6.6,5.1,1.6,0.4,2.0,1.6,25.3,Kawhi Leonard,34379100
242,2020-21,32.0,SAS,NBA,PG,62.0,0.0,25.0,3.8,9.1,0.414,2.4,6.4,0.374,1.4,2.7,0.509,0.545,1.0,1.1,0.9009999999999999,0.3,1.5,1.7,2.4,0.6,0.0,0.9,1.2,11.0,Patty Mills,13285714
243,2020-21,24.0,SAS,NBA,PG,61,61,31.9,6.5,14.4,.454,1.0,3.0,.332,5.5,11.4,.486,.489,1.7,2.0,.808,0.8,6.2,7.1,5.3,1.5,0.1,1.8,2.1,15.7,Dejounte Murray,14285714
244,2020-21,26.0,SAS,NBA,SG,36,32,29.6,5.2,12.6,0.41100000000000003,2.3,6.8,0.34600000000000003,2.8,5.8,0.486,0.503,2.7,3.2,0.851,0.4,2.6,3.0,3.5,0.7,1.0,1.3,2.5,15.4,Derrick White,3516284
245,2020-21,23.0,TOR,NBA,SF,43,43,33.3,5.8,12.1,0.48,2.4,6.1,0.39799999999999996,3.4,6.0,0.562,0.58,1.9,2.4,0.784,1.3,4.3,5.5,2.2,1.5,0.7,1.7,2.7,15.9,OG Anunoby,3872215
246,2020-21,31.0,SAS,NBA,PF,55.0,55.0,34.0,7.4,15.1,0.49,0.3,1.3,0.247,7.1,13.7,0.514,0.501,6.3,7.1,0.885,0.7,3.6,4.3,7.3,0.9,0.3,1.9,2.1,21.4,DeMar DeRozan,27739975
247,2020-21,31.0,LAC,NBA,C,39,39,23.6,4.5,8.9,.507,1.0,2.8,.352,3.5,6.1,.577,.562,0.9,1.2,.822,1.7,4.9,6.7,1.7,0.2,1.2,1.1,1.9,10.9,Serge Ibaka,9258000
248,2020-21,34.0,TOR,NBA,PG,46.0,46.0,34.8,5.7,13.0,0.436,2.8,7.2,0.396,2.8,5.8,0.48700000000000004,0.546,3.0,3.5,0.875,0.8,4.6,5.4,7.3,1.0,0.3,2.7,3.1,17.2,Kyle Lowry,30000000
249,2020-21,28.0,LAL,NBA,SF,35.0,0.0,6.3,1.1,2.1,0.52,0.4,0.9,0.43799999999999994,0.7,1.2,0.581,0.613,0.3,0.5,0.529,0.5,0.8,1.3,0.2,0.1,0.0,0.1,0.6,2.9,Alfonzo McKinnie,1762796
250,2020-21,25.0,SAS,NBA,C,63.0,45.0,26.3,3.8,6.1,0.626,0.0,0.0,0,3.8,6.1,0.626,0.626,0.9,1.9,0.504,3.2,4.6,7.8,1.9,0.7,1.7,1.3,2.5,8.5,Jakob Poeltl,8101852
251,2020-21,27.0,TOT,NBA,"SF,SG",63.0,52.0,31.6,6.4,13.3,0.48200000000000004,2.5,6.1,0.41100000000000003,3.9,7.3,0.54,0.575,3.4,3.9,0.866,0.6,2.4,3.0,1.9,1.2,0.3,1.7,2.3,18.7,Norman Powell,10865952
252,2020-21,26.0,TOR,NBA,PF,54,54,35.8,7.6,16.9,0.452,1.3,4.4,0.301,6.3,12.5,0.504,0.491,4.4,5.3,0.836,1.7,5.6,7.2,4.4,1.2,0.7,2.3,3.2,21.0,Pascal Siakam,29000000
253,2020-21,28.0,MEM,NBA,C,57.0,56.0,27.9,6.9,11.9,0.579,0.4,1.0,0.375,6.5,10.9,0.597,0.594,2.5,3.2,0.762,4.1,8.2,12.3,1.8,0.6,0.8,1.6,2.9,16.6,Jonas Valančiūnas,15000000
254,2020-21,26.0,TOR,NBA,SG,51,51,36.4,6.5,16.6,0.392,3.3,9.1,0.366,3.2,7.5,0.423,0.49200000000000005,3.2,3.7,0.882,0.6,3.6,4.2,6.3,1.7,0.7,1.8,2.3,19.5,Fred VanVleet,21250000
255,2020-21,28.0,TOT,NBA,"PG,SG",57.0,33.0,27.2,3.6,7.9,0.46,0.9,2.5,0.371,2.7,5.4,0.502,0.519,1.8,2.2,0.802,1.0,3.2,4.2,4.3,1.6,0.5,1.2,1.2,10.0,Delon Wright,9000000
256,2020-21,23.0,TOT,NBA,C,38.0,8.0,16.2,3.1,4.7,0.6629999999999999,0.0,0.1,0.0,3.1,4.6,0.674,0.6629999999999999,0.9,1.3,0.667,2.1,3.6,5.7,0.8,0.4,0.7,0.8,1.5,7.1,Tony Bradley,3542060
257,2020-21,29.0,NYK,NBA,SG,46.0,5.0,25.3,4.1,10.0,0.41,2.0,4.8,0.405,2.1,5.1,0.415,0.509,2.1,2.5,0.85,0.4,4.0,4.4,2.2,0.7,0.3,1.0,2.0,12.2,Alec Burks,6000000
258,2020-21,25.0,CLE,NBA,SG,6.0,3.0,19.3,1.7,4.3,0.385,0.3,1.8,0.182,1.3,2.5,0.5329999999999999,0.423,0.2,0.3,0.5,0.3,2.5,2.8,2.2,0.7,0.3,1.2,1.5,3.8,Dante Exum,9600000
259,2020-21,29.0,UTA,NBA,C,62.0,0.0,15.4,2.3,3.6,0.628,0.0,0.0,0.0,2.3,3.6,0.634,0.628,0.9,1.2,0.727,2.1,3.5,5.6,0.7,0.5,1.0,0.6,2.2,5.5,Derrick Favors,9258000
260,2020-21,28.0,UTA,NBA,C,65,65,30.8,5.5,8.2,0.677,0.0,0.0,0.0,5.5,8.1,0.6809999999999999,0.677,3.3,5.4,0.621,3.3,10.0,13.4,1.2,0.6,2.8,1.6,2.3,14.4,Rudy Gobert,26525281
261,2020-21,33.0,UTA,NBA,SF,61,24,27.6,4.2,8.3,0.502,2.8,6.0,0.467,1.4,2.3,0.593,0.6709999999999999,1.1,1.3,0.841,0.4,3.2,3.6,4.6,0.7,0.2,1.7,1.8,12.3,Joe Ingles,10863637
262,2020-21,24.0,UTA,NBA,PG,53,53,33.4,9.0,20.6,0.43799999999999994,3.4,8.7,0.386,5.7,11.9,0.47600000000000003,0.52,5.0,6.0,0.845,0.9,3.5,4.4,5.2,1.0,0.3,2.8,2.2,26.4,Donovan Mitchell,5195501
263,2020-21,28.0,WAS,NBA,PG,60.0,18.0,21.3,3.2,6.9,0.465,1.0,2.5,0.38799999999999996,2.2,4.3,0.51,0.536,1.1,1.2,0.863,0.4,2.0,2.4,2.3,1.1,0.1,0.8,1.6,8.4,Raul Neto,1882867
264,2020-21,27.0,UTA,NBA,PF,66.0,6.0,15.4,2.3,5.4,0.42700000000000005,1.6,3.9,0.415,0.7,1.5,0.45799999999999996,0.578,0.2,0.2,1.0,0.4,2.1,2.5,0.8,0.3,0.1,0.7,1.6,6.4,Georges Niang,1783557
265,2020-21,30.0,MIN,NBA,PG,62,46,26.0,2.7,7.1,.379,0.9,3.0,.308,1.8,4.2,.430,.444,2.0,2.3,.867,0.4,2.9,3.3,6.5,1.5,0.0,1.7,2.0,8.3,Ricky Rubio,17000000
266,2020-21,27.0,WAS,NBA,SG,57,57,35.6,11.1,22.8,0.485,2.2,6.2,0.34700000000000003,8.9,16.6,0.537,0.5329999999999999,6.8,7.6,0.894,1.2,3.5,4.7,4.5,1.2,0.4,3.2,2.4,31.1,Bradley Beal,28751775
267,2020-21,31.0,LAL,NBA,PF,57.0,26.0,20.0,2.5,6.2,0.41100000000000003,1.1,3.5,0.308,1.5,2.7,0.546,0.499,0.6,0.8,0.7390000000000001,0.8,3.7,4.5,1.2,0.4,0.3,0.9,1.7,6.8,Markieff Morris,2331593
268,2020-21,27.0,TOT,NBA,"PF,SF",28.0,6.0,21.6,3.5,8.1,0.43200000000000005,1.4,3.7,0.375,2.1,4.4,0.48,0.518,1.3,1.5,0.857,1.0,4.4,5.4,2.0,0.6,0.1,0.9,1.5,9.7,Otto Porter,28489239
269,2020-21,29.0,CHI,NBA,SG,53.0,18.0,23.1,3.0,5.8,0.516,0.8,2.1,0.35700000000000004,2.3,3.7,0.606,0.581,1.2,1.4,0.865,0.5,2.0,2.5,4.8,0.8,0.2,1.8,1.6,8.0,Tomáš Satoranský,10000000
270,2020-21,32.0,PHI,NBA,PF,45.0,11.0,16.6,1.5,4.0,0.36700000000000005,1.0,3.0,0.33799999999999997,0.4,1.0,0.455,0.494,0.2,0.3,0.667,0.2,2.2,2.4,0.7,0.5,0.2,0.4,1.4,4.1,Mike Scott,5005350
271,2020-21,30.0,HOU,NBA,PG,40,40,32.2,7.3,18.2,.404,2.0,6.2,.317,5.4,11.9,.449,.458,4.0,5.3,.749,0.4,2.8,3.2,6.9,1.1,0.8,3.5,1.2,20.6,John Wall,41254920
272,2020-21,24.0,MIL,NBA,PG,7.0,0.0,2.6,0.1,1.1,0.125,0.0,0.3,0.0,0.1,0.9,0.16699999999999998,0.125,0.0,0.0,0,0.0,0.4,0.4,0.3,0.0,0.0,0.0,0.1,0.3,Jaylen Adams,893310
273,2020-21,22.0,ATL,NBA,SG,65,47,31.0,4.6,10.6,0.43700000000000006,2.1,5.6,0.36700000000000005,2.6,5.0,0.515,0.534,0.8,1.0,0.79,0.5,2.8,3.3,3.5,1.2,0.2,1.2,2.4,12.1,Kevin Huerter,2761920
274,2020-21,22.0,ATL,NBA,PG,58,58,34.0,7.7,17.6,0.434,2.2,6.3,0.353,5.4,11.3,0.479,0.498,7.7,8.8,0.88,0.6,3.2,3.9,9.5,0.9,0.2,4.2,1.8,25.3,Trae Young,6571800
275,2020-21,31.0,TOT,NBA,PG,58.0,0.0,17.1,1.9,5.0,0.384,0.3,1.4,0.19,1.6,3.5,0.46299999999999997,0.41200000000000003,1.4,1.6,0.8909999999999999,0.3,1.4,1.7,2.8,0.7,0.2,1.2,1.5,5.5,Brad Wanamaker,2250000
276,2020-21,23.0,BOS,NBA,C,51,12,19.1,3.6,5.0,0.7190000000000001,0.0,0.0,0.0,3.6,5.0,0.7240000000000001,0.7190000000000001,0.9,1.4,0.616,2.6,4.4,7.0,1.8,0.8,1.8,1.0,2.1,8.1,Robert Williams,2029920
277,2020-21,22.0,TOT,NBA,"PF,SF",21.0,0.0,6.0,0.5,1.5,0.344,0.3,1.0,0.28600000000000003,0.2,0.5,0.455,0.43799999999999994,0.1,0.2,0.75,0.2,0.9,1.1,0.5,0.4,0.2,0.6,0.8,1.5,Rodions Kurucs,1780152
278,2020-21,25.0,NYK,NBA,SG,17.0,0.0,2.0,0.1,0.5,0.111,0.0,0.5,0.0,0.1,0.1,1.0,0.111,0.0,0.0,0,0.0,0.3,0.3,0.1,0.0,0.0,0.1,0.2,0.1,Theo Pinson,893310
279,2020-21,24.0,TOT,NBA,SF,19.0,0.0,13.1,1.6,4.2,0.392,0.3,0.8,0.313,1.4,3.3,0.413,0.424,0.7,0.8,0.867,0.3,2.8,3.1,0.8,0.4,0.1,0.8,1.2,4.2,Chandler Hutchison,2443440
280,2020-21,22.0,CHO,NBA,PF,64,18,29.0,4.6,9.1,0.506,1.7,4.2,0.405,2.9,4.9,0.5920000000000001,0.599,1.5,1.7,0.862,1.2,4.8,6.1,2.2,0.7,0.8,1.6,2.1,12.4,Miles Bridges,3934320
281,2020-21,25.0,CHO,NBA,PG,51,44,30.0,4.5,12.1,0.374,3.2,8.6,0.373,1.3,3.5,0.376,0.506,2.3,2.7,0.821,0.4,2.3,2.7,5.4,0.9,0.1,1.6,1.4,14.5,Devonte' Graham,1663861
282,2020-21,22.0,CLE,NBA,SG,54,54,35.7,8.9,18.5,0.48100000000000004,1.7,4.5,0.373,7.2,14.1,0.515,0.526,4.9,6.0,0.809,1.0,2.2,3.1,4.2,1.1,0.2,2.7,2.7,24.3,Collin Sexton,4991880
283,2020-21,23.0,LAL,NBA,PF,14.0,0.0,3.8,0.2,0.7,0.3,0.0,0.0,0,0.2,0.7,0.3,0.3,0.4,0.9,0.462,0.3,1.1,1.4,0.1,0.1,0.3,0.7,0.5,0.9,Kostas Antetokounmpo,893310
284,2020-21,24.0,DAL,NBA,PG,61,12,25.1,4.8,9.2,0.52,1.1,2.9,0.385,3.7,6.3,0.583,0.5820000000000001,1.8,2.3,0.794,0.4,3.0,3.5,3.4,0.5,0.0,1.2,1.6,12.6,Jalen Brunson,1663861
285,2020-21,21.0,DAL,NBA,PG,59,59,35.1,10.1,20.8,0.48700000000000004,3.0,8.4,0.35600000000000004,7.2,12.5,0.574,0.5579999999999999,5.3,7.3,0.7240000000000001,0.8,7.2,8.1,8.9,1.0,0.6,4.4,2.4,28.5,Luka Dončić,8049360
286,2020-21,25.0,ATL,NBA,PG,46.0,5.0,13.3,1.8,4.8,0.373,0.7,2.2,0.304,1.1,2.6,0.43200000000000005,0.44299999999999995,0.6,0.9,0.6509999999999999,0.2,1.3,1.5,2.1,0.3,0.0,0.8,0.9,4.8,Brandon Goodwin,1701593
287,2020-21,21.0,MIN,NBA,PF,58.0,25.0,17.3,2.1,3.5,0.603,0.0,0.1,0.25,2.1,3.4,0.61,0.605,0.9,1.7,0.557,1.8,3.7,5.5,1.2,0.9,0.7,0.9,1.9,5.2,Jarred Vanderbilt,1663861
288,2020-21,24.0,BRK,NBA,PG,59.0,32.0,21.9,3.5,6.3,0.545,0.3,0.9,0.29100000000000004,3.2,5.4,0.589,0.5670000000000001,1.3,1.8,0.736,1.7,3.4,5.1,1.6,0.9,0.4,0.8,2.2,8.5,Bruce Brown,1663861
289,2020-21,23.0,TOT,NBA,"SF,SG",62.0,14.0,19.8,2.9,7.2,0.405,1.5,4.6,0.33299999999999996,1.4,2.6,0.535,0.512,0.6,0.8,0.7709999999999999,0.4,2.1,2.5,1.6,0.7,0.2,1.3,0.9,8.0,Sviatoslav Mykhailiuk,1663861
290,2020-21,25.0,BRK,NBA,PG,22.0,1.0,10.5,1.4,4.0,0.35200000000000004,0.6,1.9,0.31,0.8,2.1,0.391,0.426,0.6,0.8,0.765,0.1,1.0,1.1,3.0,0.3,0.3,0.7,0.9,4.0,Chris Chiozza,893310
291,2020-21,26.0,TOT,NBA,SF,37.0,11.0,17.3,1.1,3.5,0.305,0.8,2.9,0.287,0.2,0.6,0.391,0.424,0.2,0.3,0.8,0.9,2.2,3.1,0.8,0.3,0.2,0.5,0.9,3.2,Gary Clark,2000000
292,2020-21,22.0,TOT,NBA,C,45.0,2.0,12.1,2.1,3.7,0.56,0.0,0.1,0.33299999999999996,2.0,3.6,0.569,0.5660000000000001,1.0,1.6,0.648,1.4,2.6,4.0,1.2,0.4,0.9,0.9,2.2,5.2,Isaiah Hartenstein,1445697
293,2020-21,30.0,NOP,NBA,SF,6.0,0.0,6.2,0.7,1.7,0.4,0.5,1.5,0.33299999999999996,0.2,0.2,1.0,0.55,0.2,0.3,0.5,0.3,0.8,1.2,0.3,0.0,0.0,0.2,0.2,2.0,James Nunnally,893310
294,2020-21,24.0,IND,NBA,PG,63,7,17.5,2.6,6.6,0.39,1.0,2.8,0.377,1.5,3.8,0.4,0.47,1.0,1.2,0.818,0.2,1.1,1.3,1.8,0.7,0.2,1.0,1.4,7.2,Aaron Holiday,2345640
295,2020-21,24.0,BRK,NBA,PF,15.0,0.0,12.1,2.6,4.3,0.6,0.1,0.4,0.16699999999999998,2.5,3.9,0.644,0.608,0.9,0.9,1.0,1.7,4.2,5.9,0.9,0.3,0.3,0.6,1.0,6.1,Alize Johnson,399591
296,2020-21,22.0,OKC,NBA,SG,35.0,35.0,33.7,8.2,16.1,0.508,2.0,4.9,0.418,6.2,11.3,0.547,0.5710000000000001,5.3,6.5,0.8079999999999999,0.5,4.2,4.7,5.9,0.8,0.7,3.0,2.0,23.7,Shai Gilgeous-Alexander,4141320
297,2020-21,23.0,WAS,NBA,SG,17.0,6.0,17.9,1.6,5.6,0.295,0.6,2.5,0.262,1.0,3.1,0.321,0.353,0.9,1.2,0.8,0.2,2.0,2.2,1.5,0.7,0.4,1.1,1.8,4.9,Jerome Robinson,3737520
298,2020-21,23.0,BRK,NBA,SG,55.0,9.0,22.6,3.1,7.6,0.41,2.1,5.5,0.38799999999999996,1.0,2.1,0.469,0.552,1.1,1.3,0.861,0.2,1.7,1.9,1.5,0.5,0.2,0.8,1.5,9.5,Landry Shamet,2090040
299,2020-21,21.0,WAS,NBA,SF,40.0,8.0,10.8,0.8,2.0,0.37,0.3,1.2,0.27699999999999997,0.4,0.9,0.5,0.451,0.1,0.2,0.625,0.5,1.2,1.7,0.6,0.3,0.2,0.6,1.6,2.0,Isaac Bonga,1663861
300,2020-21,23.0,TOT,NBA,C,39.0,18.0,14.7,2.1,4.6,0.45899999999999996,0.6,1.7,0.33799999999999997,1.5,2.9,0.531,0.522,1.6,1.9,0.813,0.5,2.4,2.9,1.1,0.6,0.4,0.9,2.2,6.4,Moritz Wagner,2383915
301,2020-21,23.0,TOT,NBA,C,39.0,18.0,14.7,2.1,4.6,0.45899999999999996,0.6,1.7,0.33799999999999997,1.5,2.9,0.531,0.522,1.6,1.9,0.813,0.5,2.4,2.9,1.1,0.6,0.4,0.9,2.2,6.4,Moritz Wagner,2383915
302,2020-21,25.0,PHO,NBA,PG,54.0,0.0,11.6,1.5,3.5,0.418,0.9,2.5,0.373,0.5,1.0,0.527,0.55,0.1,0.1,0.5,0.2,1.2,1.4,1.1,0.5,0.2,0.3,1.0,3.9,Jevon Carter,3549383
303,2020-21,26.0,TOR,NBA,SF,47.0,2.0,14.2,1.5,3.4,0.45,0.7,1.7,0.40700000000000003,0.8,1.7,0.494,0.5529999999999999,0.5,0.6,0.815,0.8,2.4,3.2,0.8,0.5,0.4,0.4,1.1,4.2,Yuta Watanabe,321893
304,2020-21,26.0,MIA,NBA,SF,66,66,31.8,4.4,10.0,0.43700000000000006,3.5,8.6,0.40399999999999997,0.9,1.5,0.635,0.61,0.8,1.0,0.821,0.1,3.5,3.6,1.8,0.6,0.2,1.1,2.5,13.1,Duncan Robinson,1663861
305,2020-21,22.0,DET,NBA,PG,37.0,4.0,18.4,3.4,7.4,0.46,1.6,3.9,0.406,1.8,3.5,0.519,0.5660000000000001,1.5,1.9,0.812,0.4,1.8,2.2,0.9,0.3,0.0,0.9,1.3,9.9,Frank Jackson,250000
306,2020-21,26.0,OKC,NBA,PF,64.0,12.0,21.5,3.2,6.0,0.53,0.7,1.7,0.431,2.5,4.3,0.568,0.59,0.6,1.0,0.5710000000000001,1.3,2.9,4.2,2.2,0.8,0.2,1.1,2.1,7.7,Kenrich Williams,2000000
307,2020-21,25.0,HOU,NBA,C,41.0,41.0,32.3,8.0,15.6,0.514,1.9,5.0,0.374,6.1,10.6,0.581,0.574,3.0,4.8,0.631,1.9,7.8,9.6,1.7,0.8,1.2,2.0,2.1,21.0,Christian Wood,13015874
308,2020-21,24.0,MIL,NBA,SG,61,61,27.3,3.8,9.1,0.41600000000000004,1.9,5.0,0.377,1.9,4.0,0.465,0.521,0.7,1.0,0.721,1.3,4.4,5.7,3.0,1.1,0.2,1.4,1.7,10.2,Donte DiVincenzo,3044160
309,2020-21,25.0,SAS,NBA,SF,25.0,0.0,7.4,0.8,1.9,0.40399999999999997,0.2,0.6,0.313,0.6,1.2,0.452,0.457,0.5,0.8,0.632,0.2,1.1,1.3,0.4,0.4,0.2,0.2,0.4,2.2,Keita Bates-Diop,893310
310,2020-21,22.0,MIN,NBA,SG,53,37,21.0,1.8,4.5,0.40299999999999997,0.5,1.9,0.273,1.3,2.6,0.496,0.46,1.5,1.8,0.802,1.1,1.7,2.7,1.1,0.9,0.4,0.7,2.2,5.6,Josh Okogie,2651040
311,2020-21,21.0,NYK,NBA,SF,41,0,11.3,1.4,3.5,0.392,0.9,2.2,0.39299999999999996,0.5,1.3,0.389,0.514,0.4,0.5,0.8,0.2,1.2,1.5,0.5,0.3,0.1,0.4,0.9,4.0,Kevin Knox,4588680
312,2020-21,22.0,NYK,NBA,C,31,29,27.5,3.7,5.7,0.653,0.0,0.0,0,3.7,5.7,0.653,0.653,0.8,1.7,0.491,3.6,4.5,8.1,0.5,1.1,1.5,0.8,2.8,8.3,Mitchell Robinson,1663861
313,2020-21,22.0,TOT,NBA,"SF,SG",50.0,7.0,23.2,4.2,8.9,0.47700000000000004,0.5,1.5,0.365,3.7,7.4,0.5,0.508,2.4,3.8,0.638,1.2,3.9,5.1,1.9,0.8,0.4,1.4,2.5,11.4,Hamidou Diallo,1663861
314,2020-21,24.0,PHI,NBA,SG,58,3,23.3,4.8,10.8,0.45,1.2,3.2,0.358,3.7,7.6,0.489,0.503,2.3,2.8,0.8340000000000001,0.5,1.7,2.3,3.0,0.6,0.3,1.7,2.1,13.2,Shake Milton,1701593
315,2020-21,22.0,PHO,NBA,C,66,66,30.6,6.3,10.1,0.621,0.1,0.3,0.2,6.2,9.8,0.634,0.624,1.9,2.5,0.76,3.3,7.2,10.6,1.5,0.6,1.2,1.5,2.9,14.5,Deandre Ayton,10018200
316,2020-21,24.0,PHO,NBA,SF,66,66,32.8,5.0,9.4,0.535,1.8,4.5,0.415,3.2,5.0,0.643,0.633,1.5,1.8,0.825,1.1,3.2,4.3,2.2,1.0,0.9,0.8,1.6,13.4,Mikal Bridges,4359000
317,2020-21,22.0,MEM,NBA,PG,45.0,1.0,20.4,3.5,7.9,0.446,1.8,4.1,0.429,1.8,3.8,0.465,0.5579999999999999,0.8,1.0,0.7829999999999999,0.6,2.7,3.3,2.6,1.2,0.6,1.2,1.7,9.6,De'Anthony Melton,7812500
318,2020-21,30.0,PHI,NBA,SG,53.0,53.0,28.7,4.5,9.8,0.46,2.2,4.9,0.44,2.3,4.9,0.48100000000000004,0.5710000000000001,1.3,1.4,0.905,0.2,2.1,2.3,2.7,0.8,0.2,1.2,1.6,12.4,Seth Curry,7813953
319,2020-21,21.0,POR,NBA,SG,58,0,16.9,2.7,6.4,0.425,2.0,4.5,0.43700000000000006,0.8,1.9,0.396,0.578,0.7,0.9,0.784,0.2,1.9,2.1,1.4,0.3,0.1,0.7,1.4,8.1,Anfernee Simons,2252040
320,2020-21,22.0,POR,NBA,C,35.0,0.0,9.6,1.2,2.6,0.446,0.2,0.6,0.381,0.9,2.0,0.465,0.489,0.5,0.7,0.64,0.9,2.7,3.6,0.7,0.2,0.3,0.5,1.5,3.0,Harry Giles,1678854
321,2020-21,23.0,SAS,NBA,C,47,2,14.0,2.2,3.8,0.573,0.0,0.0,1.0,2.1,3.7,0.568,0.579,1.4,2.0,0.705,1.2,3.1,4.3,0.8,0.4,1.0,0.8,1.6,5.8,Drew Eubanks,1620564
322,2020-21,23.0,SAC,NBA,C,30.0,2.0,11.1,2.2,4.1,0.541,0.2,0.6,0.294,2.0,3.5,0.581,0.561,0.8,1.1,0.6970000000000001,0.9,1.7,2.6,0.7,0.4,0.5,0.7,1.6,5.3,Chimezie Metu,700000
323,2020-21,23.0,SAC,NBA,C,30.0,2.0,11.1,2.2,4.1,0.541,0.2,0.6,0.294,2.0,3.5,0.581,0.561,0.8,1.1,0.6970000000000001,0.9,1.7,2.6,0.7,0.4,0.5,0.7,1.6,5.3,Chimezie Metu,700000
324,2020-21,22.0,SAS,NBA,SG,53,31,25.1,4.2,10.0,0.42,1.6,4.5,0.361,2.5,5.4,0.469,0.502,1.0,1.3,0.809,0.2,2.3,2.5,1.6,0.5,0.3,1.1,1.7,11.1,Lonnie Walker,2892000
325,2020-21,25.0,MEM,NBA,SG,50.0,38.0,25.2,3.5,8.3,0.418,2.1,5.5,0.391,1.3,2.8,0.47100000000000003,0.547,1.6,1.8,0.868,0.4,2.8,3.2,2.2,0.9,0.2,1.0,1.4,10.6,Grayson Allen,2545320
326,2020-21,27.0,ORL,NBA,PG,35.0,5.0,19.8,2.1,5.4,0.38799999999999996,1.1,2.9,0.359,1.0,2.4,0.424,0.48700000000000004,0.7,1.0,0.765,0.1,1.7,1.8,1.8,0.5,0.1,1.2,1.5,6.0,Chasson Randle,893310
327,2020-21,22.0,ATL,NBA,C,31,0,6.5,0.5,1.1,0.41200000000000003,0.0,0.1,0.0,0.5,1.0,0.43799999999999994,0.41200000000000003,0.4,0.6,0.65,0.5,1.7,2.2,0.3,0.1,0.1,0.7,0.7,1.3,Bruno Fernando,1517981
328,2020-21,23.0,ATL,NBA,SF,20,18,31.3,5.6,11.2,0.502,1.6,4.4,0.35600000000000004,4.1,6.8,0.596,0.5720000000000001,3.3,3.8,0.867,0.8,4.3,5.1,2.1,0.9,0.5,1.4,2.7,16.0,De'Andre Hunter,7422000
329,2020-21,21.0,ATL,NBA,SF,26,21,28.8,3.7,10.1,0.365,1.3,4.8,0.262,2.4,5.3,0.46,0.428,2.6,3.2,0.8170000000000001,0.8,3.2,4.0,1.3,1.3,0.3,1.3,2.6,11.2,Cam Reddish,4458000
330,2020-21,26.0,TOR,NBA,SF,27.0,2.0,11.0,1.4,3.0,0.46299999999999997,1.1,2.4,0.469,0.3,0.7,0.444,0.6459999999999999,0.2,0.3,0.625,0.1,1.5,1.7,0.6,0.2,0.1,0.3,1.3,4.1,Paul Watson,1445697
331,2020-21,22.0,BOS,NBA,SG,26,1,8.4,1.5,3.4,0.449,0.5,1.8,0.292,1.0,1.6,0.634,0.528,0.3,0.4,0.818,0.1,0.7,0.8,0.4,0.2,0.0,0.2,0.9,4.0,Carsen Edwards,1517981
332,2020-21,25.0,BOS,NBA,C,16,0,6.6,1.2,1.6,0.76,0.0,0.0,0,1.2,1.6,0.76,0.76,0.3,0.8,0.308,0.7,1.9,2.6,0.1,0.1,1.0,0.3,1.0,2.6,Tacko Fall,893310
333,2020-21,27.0,TOT,NBA,"PG,SG",34.0,2.0,11.5,1.3,2.4,0.518,0.2,0.7,0.304,1.1,1.8,0.6,0.56,0.7,1.0,0.6970000000000001,0.7,1.1,1.8,0.4,0.6,0.1,0.5,1.1,3.4,Javonte Green,1517981
334,2020-21,21.0,BOS,NBA,SG,14,3,15.4,0.9,2.9,0.317,0.3,1.1,0.267,0.6,1.9,0.34600000000000003,0.366,0.3,0.3,1.0,0.8,1.3,2.1,0.6,0.3,0.3,0.6,1.2,2.4,Romeo Langford,3631200
335,2020-21,27.0,PHI,NBA,C,10.0,0.0,3.9,0.3,1.2,0.25,0.0,0.1,0.0,0.3,1.1,0.273,0.25,0.2,0.6,0.33299999999999996,0.6,0.8,1.4,0.2,0.0,0.3,0.4,0.8,0.8,Vincent Poirier,2619207
336,2020-21,23.0,BOS,NBA,PG,22,2,7.5,0.9,2.4,0.377,0.4,1.0,0.348,0.5,1.4,0.4,0.45299999999999996,0.6,0.6,0.929,0.1,0.5,0.6,2.1,0.6,0.0,0.9,0.6,2.8,Tremont Waters,893310
337,2020-21,22.0,BOS,NBA,PF,57,8,17.9,1.6,3.7,0.429,0.8,2.0,0.371,0.8,1.7,0.5,0.531,0.4,0.7,0.55,0.8,2.0,2.8,1.0,0.5,0.4,0.9,2.5,4.3,Grant Williams,2498760
338,2020-21,21.0,BRK,NBA,C,26,1,18.0,2.7,4.6,0.583,0.0,0.2,0.2,2.7,4.4,0.6,0.588,0.9,1.8,0.5,1.3,3.5,4.8,1.0,0.7,1.2,0.5,2.0,6.3,Nicolas Claxton,1517981
339,2020-21,23.0,ORL,NBA,PF,8.0,0.0,11.5,1.1,1.8,0.643,0.0,0.0,0,1.1,1.8,0.643,0.643,0.9,1.5,0.583,1.8,2.6,4.4,0.9,0.5,0.8,0.4,1.0,3.1,Donta Hall,893310
340,2020-21,22.0,TOT,NBA,"C,PF",48.0,11.0,14.4,2.9,4.1,0.695,0.0,0.0,0,2.9,4.1,0.695,0.695,1.3,2.0,0.625,1.8,2.6,4.3,0.5,0.5,1.4,0.8,1.8,7.0,Daniel Gafford,1517981
341,2020-21,22.0,CHI,NBA,SG,13,0,4.2,0.5,1.4,0.389,0.1,0.8,0.1,0.5,0.6,0.75,0.41700000000000004,0.0,0.1,0.0,0.1,0.3,0.4,0.4,0.2,0.1,0.3,0.4,1.2,Adam Mokoka,893310
342,2020-21,24.0,MIA,NBA,SF,36.0,0.0,13.0,2.1,4.7,0.456,1.3,3.8,0.341,0.9,0.9,0.912,0.5920000000000001,0.4,0.6,0.65,0.1,0.9,1.0,0.6,0.3,0.0,0.2,1.2,5.9,Max Strus,893310
343,2020-21,20.0,CHI,NBA,PG,62,47,30.9,5.4,13.0,0.413,2.2,6.3,0.349,3.2,6.7,0.474,0.498,2.0,2.2,0.912,0.4,3.6,4.0,4.7,0.5,0.2,2.3,2.6,14.9,Coby White,5572680
344,2020-21,25.0,CHO,NBA,SF,48,3,15.1,1.9,4.9,0.382,0.6,2.3,0.252,1.3,2.5,0.5,0.442,0.8,1.2,0.632,0.6,2.1,2.8,1.2,0.7,0.2,0.6,1.1,5.0,Caleb Martin,1517981
345,2020-21,25.0,CHO,NBA,SF,52,10,16.3,1.6,3.6,0.441,0.3,1.1,0.276,1.3,2.5,0.515,0.484,0.5,0.8,0.581,1.0,2.1,3.1,1.7,0.7,0.2,0.8,1.0,4.0,Cody Martin,1517981
346,2020-21,23.0,CHO,NBA,SF,40,11,17.6,2.6,5.6,0.46399999999999997,0.7,2.0,0.34600000000000003,1.9,3.5,0.532,0.527,0.9,1.3,0.7,0.8,2.5,3.3,1.0,0.6,0.4,0.9,2.0,6.7,Jalen McDaniels,1517981
347,2020-21,22.0,CHO,NBA,PF,57,54,30.0,4.7,10.4,0.449,1.7,4.2,0.397,3.0,6.2,0.484,0.53,1.8,2.3,0.752,1.4,4.9,6.2,2.5,1.0,1.3,2.1,2.7,12.8,P.J. Washington,4023600
348,2020-21,22.0,CLE,NBA,C,6,0,4.8,0.2,0.5,0.33299999999999996,0.0,0.0,0,0.2,0.5,0.33299999999999996,0.33299999999999996,0.8,1.3,0.625,0.5,0.5,1.0,0.0,0.3,0.3,0.3,0.0,1.2,Marques Bolden,893310
349,2020-21,23.0,TOT,NBA,"PF,SF",26.0,1.0,11.6,1.8,2.8,0.639,0.0,0.0,0.0,1.8,2.7,0.648,0.639,0.5,1.0,0.48,0.8,1.7,2.5,0.5,0.2,0.0,0.7,1.1,4.0,Tyler Cook,893310
350,2020-21,21.0,CLE,NBA,PG,53,50,33.5,6.8,15.1,0.452,2.0,5.0,0.39399999999999996,4.8,10.1,0.48,0.517,2.1,2.5,0.848,0.4,2.0,2.4,6.2,1.2,0.1,3.1,2.1,17.7,Darius Garland,6720720
351,2020-21,24.0,CLE,NBA,PF,57,13,17.8,2.0,4.6,0.433,1.2,3.2,0.37,0.8,1.4,0.575,0.561,0.4,0.5,0.778,0.6,2.5,3.1,1.1,0.5,0.4,0.4,1.1,5.5,Dean Wade,1517981
352,2020-21,21.0,DEN,NBA,PF,29,2,4.7,0.8,1.7,0.49,0.3,0.7,0.429,0.5,1.0,0.536,0.5820000000000001,0.3,0.5,0.643,0.0,0.7,0.7,0.2,0.1,0.3,0.4,0.4,2.3,Bol Bol,2058240
353,2020-21,23.0,DEN,NBA,PF,36,0,5.3,0.6,1.3,0.41700000000000004,0.2,0.7,0.25,0.4,0.7,0.583,0.479,0.2,0.2,0.875,0.3,0.8,1.1,0.3,0.3,0.1,0.3,0.4,1.5,Vlatko Čančar,893310
354,2020-21,23.0,ORL,NBA,PG,14.0,0.0,14.0,1.6,3.9,0.426,0.7,2.3,0.313,0.9,1.6,0.591,0.519,0.0,0.0,0,0.3,1.4,1.7,1.3,0.1,0.0,0.2,0.8,4.0,Jordan Bone,893310
355,2020-21,20.0,DET,NBA,PF,52,8,14.7,1.8,4.8,0.368,0.5,2.0,0.23600000000000002,1.3,2.7,0.46799999999999997,0.419,0.7,0.9,0.7140000000000001,0.6,1.8,2.4,0.8,0.4,0.1,0.7,1.6,4.7,Sekou Doumbouya,3449400
356,2020-21,26.0,GSW,NBA,PG,54,5,11.8,1.7,3.9,0.44299999999999995,1.2,3.1,0.387,0.5,0.8,0.667,0.598,0.2,0.4,0.579,0.1,0.9,1.0,0.4,0.2,0.2,0.3,0.8,4.9,Mychal Mulder,1517981
357,2020-21,24.0,GSW,NBA,PF,39,2,17.3,3.7,7.5,0.491,0.4,1.4,0.321,3.3,6.2,0.529,0.52,1.6,2.3,0.7190000000000001,0.7,2.5,3.2,1.3,0.3,0.2,1.1,1.7,9.5,Eric Paschall,1517981
358,2020-21,21.0,GSW,NBA,SG,45,6,18.5,3.7,8.9,0.414,1.8,5.1,0.34299999999999997,1.9,3.8,0.509,0.512,1.7,2.0,0.867,0.2,1.4,1.6,2.0,0.5,0.2,0.9,1.6,10.9,Jordan Poole,2063280
359,2020-21,20.0,GSW,NBA,PF,12,1,4.3,0.6,1.5,0.389,0.2,0.4,0.4,0.4,1.1,0.385,0.444,0.1,0.3,0.25,0.3,0.7,1.0,0.3,0.2,0.3,0.1,0.6,1.4,Alen Smailagić,1517981
360,2020-21,27.0,GSW,NBA,SG,47,15,19.7,2.1,3.7,0.5870000000000001,0.6,1.5,0.41700000000000004,1.5,2.1,0.71,0.674,0.4,0.6,0.69,0.6,3.5,4.1,2.5,0.7,0.5,1.1,2.0,5.4,Juan Toscano-Anderson,893310
361,2020-21,21.0,IND,NBA,C,38,2,11.6,1.9,4.1,0.45899999999999996,0.4,1.5,0.276,1.5,2.6,0.5660000000000001,0.51,0.9,1.2,0.7559999999999999,1.3,2.0,3.3,0.7,0.2,1.3,0.4,1.9,5.1,Goga Bitadze,2957520
362,2020-21,22.0,IND,NBA,SF,6,0,2.5,0.2,0.7,0.25,0.0,0.2,0.0,0.2,0.5,0.33299999999999996,0.25,0.2,0.2,1.0,0.0,0.5,0.5,0.0,0.0,0.0,0.0,0.2,0.5,Brian Bowen,893310
363,2020-21,23.0,LAC,NBA,SG,44,1,9.0,1.0,2.3,0.43700000000000006,0.5,1.3,0.41100000000000003,0.5,1.1,0.46799999999999997,0.5489999999999999,0.6,0.9,0.711,0.2,0.8,1.0,0.5,0.2,0.0,0.3,0.7,3.2,Amir Coffey,893310
364,2020-21,23.0,TOT,NBA,PF,33.0,0.0,5.5,0.6,1.7,0.33899999999999997,0.3,1.0,0.265,0.3,0.7,0.455,0.42,0.3,0.3,0.818,0.1,0.8,0.8,0.4,0.2,0.2,0.3,0.9,1.7,Mfiondu Kabengele,2075880
365,2020-21,24.0,LAC,NBA,SG,63,10,19.2,2.5,5.2,0.488,0.6,1.4,0.414,2.0,3.8,0.515,0.5429999999999999,1.1,1.3,0.8190000000000001,0.9,2.8,3.7,1.6,0.4,0.2,0.6,1.9,6.7,Terance Mann,1517984
366,2020-21,24.0,LAL,NBA,PF,18,1,5.0,0.9,1.5,0.63,0.0,0.0,0,0.9,1.5,0.63,0.63,0.2,0.5,0.444,0.6,1.1,1.7,0.1,0.3,0.2,0.3,0.4,2.1,Devontae Cacok,893310
367,2020-21,20.0,LAL,NBA,SG,60,3,19.6,3.4,7.4,0.455,0.5,2.0,0.258,2.9,5.4,0.528,0.49,1.5,1.9,0.7859999999999999,0.4,2.3,2.6,2.6,0.9,0.3,1.5,2.0,8.8,Talen Horton-Tucker,1517981
368,2020-21,24.0,MEM,NBA,PF,53,16,24.6,4.5,8.7,0.516,0.4,1.3,0.271,4.1,7.3,0.56,0.537,1.3,1.9,0.69,1.5,4.0,5.6,1.7,1.0,0.8,0.6,1.4,10.6,Brandon Clarke,2602920
369,2020-21,24.0,MEM,NBA,SG,37,0,13.1,1.3,2.9,0.449,0.4,1.1,0.35700000000000004,0.9,1.8,0.508,0.519,0.5,0.6,0.833,0.7,2.0,2.8,1.1,0.8,0.2,0.5,0.9,3.5,John Konchar,2093023
370,2020-21,21.0,MEM,NBA,PG,57,57,32.3,6.9,15.4,0.45299999999999996,1.1,3.6,0.3,5.9,11.7,0.5,0.488,4.5,6.0,0.741,0.9,3.0,3.9,7.3,0.9,0.2,3.1,1.4,19.4,Ja Morant,9166800
371,2020-21,21.0,MIA,NBA,SG,48,14,30.7,5.6,13.1,0.42700000000000005,1.9,5.5,0.344,3.7,7.6,0.488,0.499,1.9,2.3,0.809,0.5,4.4,4.9,3.4,0.7,0.4,1.9,1.3,14.9,Tyler Herro,3822240
372,2020-21,25.0,MIA,NBA,PG,51,39,29.5,5.5,11.7,0.473,2.2,5.8,0.385,3.3,5.9,0.56,0.569,1.0,1.1,0.9259999999999999,0.4,2.8,3.1,2.7,1.0,0.2,1.5,1.9,14.3,Kendrick Nunn,1663861
373,2020-21,21.0,MIA,NBA,PF,34,9,12.0,0.9,2.6,0.345,0.4,1.4,0.245,0.5,1.1,0.474,0.414,0.1,0.3,0.3,0.6,1.3,1.8,0.5,0.2,0.3,0.4,1.6,2.2,KZ Okpala,1517981
374,2020-21,24.0,TOT,NBA,PF,15.0,0.0,6.1,0.7,1.1,0.625,0.1,0.1,1.0,0.6,1.0,0.6,0.6559999999999999,0.7,1.0,0.733,0.5,1.3,1.8,0.4,0.1,0.4,0.7,1.6,2.1,Chris Silva,1517981
375,2020-21,24.0,MIA,NBA,PG,47,6,13.1,1.7,4.7,0.373,0.9,3.0,0.305,0.8,1.7,0.494,0.47,0.4,0.5,0.87,0.2,0.9,1.1,1.2,0.4,0.0,0.6,1.6,4.8,Gabe Vincent,893310
376,2020-21,22.0,NOP,NBA,SG,41,10,20.8,3.9,9.2,0.418,1.6,4.6,0.348,2.3,4.7,0.48700000000000004,0.504,1.0,1.3,0.75,0.2,2.8,3.1,2.0,1.0,0.5,1.4,1.9,10.2,Nickeil Alexander-Walker,3113160
377,2020-21,20.0,NOP,NBA,C,54,3,15.3,2.6,3.9,0.6559999999999999,0.1,0.1,0.429,2.5,3.8,0.6629999999999999,0.6629999999999999,1.4,1.7,0.787,1.4,2.7,4.0,0.5,0.4,0.5,0.7,1.7,6.6,Jaxson Hayes,5105160
378,2020-21,30.0,TOT,NBA,PF,39.0,4.0,12.3,0.9,2.9,0.316,0.4,1.7,0.254,0.5,1.2,0.40399999999999997,0.39,0.3,0.5,0.684,0.6,2.0,2.6,1.0,0.3,0.1,0.3,1.4,2.6,Nicolò Melli,4097561
379,2020-21,20.0,NOP,NBA,PF,61,61,33.2,10.4,17.0,0.611,0.2,0.6,0.294,10.2,16.4,0.622,0.616,6.0,8.7,0.698,2.7,4.5,7.2,3.7,0.9,0.6,2.7,2.2,27.0,Zion Williamson,10245480
380,2020-21,28.0,MIL,NBA,SF,53.0,2.0,9.9,1.3,2.5,0.508,0.1,0.5,0.259,1.1,2.0,0.5710000000000001,0.534,0.4,0.8,0.489,1.0,1.3,2.3,0.8,0.4,0.2,0.8,1.4,3.1,Thanasis Antetokounmpo,1701593
381,2020-21,21.0,MIN,NBA,SG,34,7,14.7,2.0,4.9,0.41100000000000003,0.4,1.6,0.245,1.6,3.4,0.48700000000000004,0.449,0.9,1.4,0.604,1.0,2.1,3.1,0.7,0.5,0.3,0.8,1.7,5.3,Jarrett Culver,6104280
382,2020-21,25.0,IND,NBA,SF,28.0,0.0,6.5,1.1,2.6,0.41100000000000003,0.4,1.1,0.32299999999999995,0.7,1.5,0.47600000000000003,0.479,0.3,0.3,0.875,0.4,1.3,1.6,0.4,0.2,0.2,0.4,0.7,2.8,Kelan Martin,1445697
383,2020-21,24.0,MIN,NBA,PG,45,2,18.7,2.0,4.8,0.406,0.6,1.7,0.37200000000000005,1.3,3.1,0.424,0.47200000000000003,0.4,0.5,0.75,0.4,1.7,2.1,4.0,1.0,0.1,1.0,0.9,5.0,Jordan McLaughlin,893310
384,2020-21,21.0,MIN,NBA,SG,38,0,18.8,3.6,8.4,0.428,1.2,3.7,0.33799999999999997,2.3,4.7,0.49700000000000005,0.502,1.1,1.3,0.8240000000000001,0.5,1.9,2.3,1.6,0.6,0.3,0.7,1.8,9.5,Jaylen Nowell,1517981
385,2020-21,21.0,MIN,NBA,C,64,15,19.3,4.3,8.3,0.518,0.9,2.5,0.35600000000000004,3.4,5.8,0.5870000000000001,0.5710000000000001,1.7,2.4,0.706,1.1,3.4,4.5,1.0,0.5,1.1,1.0,2.5,11.2,Naz Reid,1517981
386,2020-21,20.0,NYK,NBA,SG,66,66,34.6,6.5,14.6,0.447,1.6,4.1,0.396,4.9,10.5,0.466,0.502,2.9,3.9,0.743,1.0,4.7,5.7,3.0,0.7,0.3,2.0,2.6,17.6,RJ Barrett,8231760
387,2020-21,22.0,TOT,NBA,SF,7.0,0.0,11.0,1.1,3.0,0.381,0.3,0.6,0.5,0.9,2.4,0.353,0.429,0.7,0.9,0.833,0.4,1.1,1.6,0.4,0.3,0.0,0.4,1.1,3.3,Ignas Brazdeikis,1517981
388,2020-21,20.0,OKC,NBA,PF,50,50,31.3,5.0,12.4,0.406,1.5,5.1,0.293,3.5,7.3,0.486,0.467,2.1,3.0,0.6890000000000001,0.9,6.5,7.4,1.7,0.5,0.5,2.2,1.2,13.7,Darius Bazley,2399160
389,2020-21,21.0,OKC,NBA,SG,50,50,29.9,4.8,12.3,0.39,2.2,6.3,0.345,2.6,5.9,0.43799999999999994,0.479,2.4,3.2,0.7440000000000001,0.7,3.0,3.7,1.7,0.9,0.4,1.5,2.6,14.1,Luguentz Dort,1517981
390,2020-21,22.0,OKC,NBA,PF,55,28,23.5,3.5,7.1,0.486,0.6,1.8,0.313,2.9,5.3,0.545,0.526,1.5,2.0,0.75,1.6,4.2,5.8,1.9,0.9,0.6,1.9,2.7,9.0,Isaiah Roby,1517981
391,2020-21,27.0,TOT,NBA,C,12.0,0.0,6.8,0.7,1.3,0.5329999999999999,0.0,0.0,0,0.7,1.3,0.5329999999999999,0.5329999999999999,0.3,0.5,0.667,0.5,1.1,1.6,0.2,0.1,0.8,0.3,1.2,1.7,Norvel Pelle,717845
392,2020-21,27.0,TOT,NBA,C,12.0,0.0,6.8,0.7,1.3,0.5329999999999999,0.0,0.0,0,0.7,1.3,0.5329999999999999,0.5329999999999999,0.3,0.5,0.667,0.5,1.1,1.6,0.2,0.1,0.8,0.3,1.2,1.7,Norvel Pelle,717845
393,2020-21,23.0,PHI,NBA,SG,63,7,20.1,1.6,3.8,0.423,0.7,2.2,0.307,0.9,1.6,0.586,0.513,0.1,0.3,0.444,0.5,1.4,1.9,1.0,1.6,1.1,0.5,2.0,4.0,Matisse Thybulle,2711280
394,2020-21,23.0,NYK,NBA,PG,7.0,0.0,2.1,0.0,0.6,0.0,0.0,0.1,0.0,0.0,0.4,0.0,0.0,0.4,0.6,0.75,0.0,0.1,0.1,0.1,0.0,0.0,0.3,0.1,0.4,Jared Harper,893310
395,2020-21,23.0,OKC,NBA,SG,32.0,1.0,23.9,3.8,8.5,0.44,2.1,5.1,0.42,1.6,3.5,0.46799999999999997,0.564,0.7,0.9,0.733,0.3,2.4,2.7,3.7,0.6,0.2,1.5,1.8,10.3,Ty Jerome,2303040
396,2020-21,24.0,PHO,NBA,PF,60,11,24.0,3.4,8.1,0.42,2.0,5.6,0.349,1.4,2.5,0.581,0.541,0.8,1.0,0.847,0.6,2.8,3.3,1.4,0.6,0.3,0.7,1.4,9.6,Cameron Johnson,4235160
397,2020-21,21.0,OKC,NBA,C,37.0,26.0,20.6,3.3,6.0,0.552,0.0,0.0,0,3.3,6.0,0.552,0.552,1.8,2.8,0.619,3.4,5.2,8.6,0.2,0.7,0.9,1.0,2.1,8.4,Moses Brown,495102
398,2020-21,23.0,NOP,NBA,PF,15.0,0.0,7.1,0.5,1.6,0.33299999999999996,0.3,0.7,0.364,0.3,0.9,0.308,0.41700000000000004,0.3,0.6,0.556,0.6,0.9,1.5,0.5,0.3,0.2,0.7,0.9,1.7,Wenyen Gabriel,1620564
399,2020-21,21.0,OKC,NBA,SF,13.0,0.0,16.3,2.1,4.5,0.466,0.0,0.5,0.0,2.1,4.0,0.519,0.466,1.5,2.2,0.655,1.3,2.3,3.6,0.9,0.6,0.2,1.2,1.3,5.6,Jaylen Hoard,893310
400,2020-21,20.0,POR,NBA,PF,45,2,13.7,1.6,3.6,0.45299999999999996,0.6,1.8,0.354,1.0,1.8,0.5489999999999999,0.54,0.8,1.0,0.8,0.7,2.0,2.7,0.5,0.1,0.3,0.4,1.1,4.7,Nassir Little,2210640
401,2020-21,23.0,SAC,NBA,PG,27,0,7.2,0.9,2.8,0.33299999999999996,0.4,1.5,0.25,0.6,1.3,0.429,0.4,0.5,0.6,0.875,0.2,0.9,1.0,0.9,0.1,0.0,0.3,0.6,2.7,Kyle Guy,893310
402,2020-21,24.0,SAC,NBA,SF,31,0,7.1,1.0,2.1,0.462,0.3,0.8,0.308,0.7,1.3,0.564,0.523,0.4,0.7,0.5,0.1,0.4,0.5,0.5,0.1,0.1,0.3,0.5,2.5,Justin James,1517981
403,2020-21,23.0,TOT,NBA,SG,28.0,3.0,14.5,1.3,3.5,0.37799999999999995,0.5,1.9,0.28300000000000003,0.8,1.6,0.489,0.45399999999999996,0.3,0.3,0.875,0.6,1.5,2.1,0.5,0.4,0.4,0.4,1.3,3.4,DaQuan Jeffries,1445697
404,2020-21,21.0,SAS,NBA,SF,62,60,29.0,4.9,10.3,0.47700000000000004,0.9,2.6,0.34,4.0,7.7,0.524,0.52,2.0,2.8,0.723,1.4,4.9,6.3,1.8,0.6,0.4,1.1,2.1,12.8,Keldon Johnson,2048040
405,2020-21,21.0,SAS,NBA,PF,30,4,9.8,1.5,3.3,0.444,0.4,1.4,0.28600000000000003,1.1,1.9,0.561,0.505,0.4,0.9,0.5,0.5,1.6,2.1,0.5,0.2,0.3,0.6,1.4,3.8,Luka Šamanić,2824320
406,2020-21,24.0,SAS,NBA,SG,17,0,4.5,0.4,0.9,0.375,0.0,0.1,0.0,0.4,0.8,0.429,0.375,0.4,0.5,0.875,0.1,0.2,0.4,0.3,0.4,0.1,0.5,0.8,1.1,Quinndary Weatherspoon,893310
407,2020-21,22.0,IND,NBA,SF,14.0,9.0,23.3,3.2,6.7,0.479,1.6,3.6,0.44,1.6,3.1,0.523,0.596,2.1,2.9,0.75,1.4,4.1,5.6,0.7,0.7,1.2,0.5,1.4,10.1,Oshae Brissett,557453
408,2020-21,22.0,IND,NBA,SF,14.0,9.0,23.3,3.2,6.7,0.479,1.6,3.6,0.44,1.6,3.1,0.523,0.596,2.1,2.9,0.75,1.4,4.1,5.6,0.7,0.7,1.2,0.5,1.4,10.1,Oshae Brissett,557453
409,2020-21,23.0,TOT,NBA,SG,55.0,4.0,16.2,2.8,6.7,0.42,1.4,4.0,0.35700000000000004,1.4,2.7,0.514,0.527,0.6,0.7,0.816,0.3,2.0,2.3,1.2,0.6,0.2,1.0,1.5,7.6,Terence Davis,1517981
410,2020-21,26.0,TOT,NBA,SG,40.0,0.0,7.4,1.2,2.9,0.405,0.7,1.9,0.35100000000000003,0.5,1.1,0.5,0.517,0.2,0.3,0.9,0.2,0.8,0.9,0.4,0.1,0.0,0.3,0.4,3.2,Matt Thomas,1517981
411,2020-21,24.0,UTA,NBA,PF,25,0,5.0,0.9,1.8,0.478,0.4,1.0,0.423,0.4,0.8,0.55,0.598,0.1,0.1,1.0,0.3,0.7,1.0,0.5,0.2,0.1,0.2,0.7,2.3,Jarrell Brantley,893310
412,2020-21,23.0,UTA,NBA,PF,27,0,5.1,0.5,1.0,0.48100000000000004,0.1,0.5,0.308,0.3,0.5,0.643,0.556,0.1,0.3,0.429,0.3,0.7,1.0,0.3,0.1,0.0,0.1,0.8,1.2,Juwan Morgan,893310
413,2020-21,23.0,UTA,NBA,SG,48,0,9.4,0.7,1.9,0.36700000000000005,0.6,1.7,0.35,0.1,0.2,0.5,0.522,0.1,0.1,0.833,0.4,1.3,1.7,0.5,0.2,0.2,0.3,1.1,2.1,Miye Oni,1517981
414,2020-21,23.0,PHI,NBA,PG,12.0,0.0,4.1,0.4,0.9,0.455,0.2,0.4,0.4,0.3,0.5,0.5,0.545,1.0,1.2,0.857,0.1,0.7,0.8,0.4,0.2,0.0,0.3,0.4,2.0,Rayjon Tucker,340000
415,2020-21,22.0,WAS,NBA,PF,52,52,31.5,5.3,11.1,0.478,0.8,2.4,0.331,4.5,8.7,0.518,0.513,2.3,3.0,0.772,0.9,4.7,5.5,1.5,0.8,0.1,1.3,2.1,13.8,Rui Hachimura,4692840
416,2020-21,24.0,WAS,NBA,SG,58,22,16.7,1.6,3.8,0.41600000000000004,1.2,3.1,0.387,0.4,0.7,0.5529999999999999,0.575,1.4,1.5,0.898,0.3,1.2,1.4,0.4,0.5,0.1,0.2,1.7,5.7,Garrison Mathews,893310
417,2020-21,23.0,OKC,NBA,PG,9.0,0.0,9.8,0.8,2.3,0.33299999999999996,0.4,1.6,0.28600000000000003,0.3,0.8,0.429,0.429,0.3,0.6,0.6,0.1,0.7,0.8,1.0,0.3,0.0,0.2,1.1,2.3,Justin Robinson,893310
418,2020-21,24.0,CLE,NBA,SF,31,0,16.5,1.8,4.2,0.43799999999999994,0.8,2.5,0.33799999999999997,1.0,1.7,0.585,0.5379999999999999,0.7,0.9,0.778,0.6,2.8,3.5,1.1,0.6,0.4,1.0,1.2,5.2,Dylan Windler,2137440
419,2020-21,28.0,DAL,NBA,SG,63.0,24.0,28.3,5.7,13.0,0.44,2.9,7.5,0.38799999999999996,2.8,5.5,0.51,0.552,1.9,2.4,0.7959999999999999,0.3,3.0,3.3,1.7,0.4,0.2,0.9,1.6,16.3,Tim Hardaway Jr.,18975000
420,2020-21,27.0,TOT,NBA,"PF,SF",28.0,6.0,21.6,3.5,8.1,0.43200000000000005,1.4,3.7,0.375,2.1,4.4,0.48,0.518,1.3,1.5,0.857,1.0,4.4,5.4,2.0,0.6,0.1,0.9,1.5,9.7,Jontay Porter,1904762
